1,0,0.0,0.0,0.0,0.0,0.0
1,1,0.0,0.0,0.0,0.0,5.4
1,4,0.0,0.0,0.0,0.0,0.0
2,0,0.0,4.86,0.0,0.0,0.0
2,1,0.0,0.0,0.0,0.0,5.94
2,4,0.0,0.0,0.0,0.0,0.0
3,0,0.0,5.832000000000001,0.0,0.0,0.0
3,1,0.0,0.0,0.0,0.0,5.994
3,4,0.0,0.0,0.0,0.0,0.0
4,0,0.0,5.9778,0.0,0.0,0.0
4,1,0.0,0.0,0.0,0.0,5.9994
4,4,0.0,0.0,0.0,0.0,0.0
5,0,0.0,5.99724,0.0,0.0,0.0
5,1,0.0,0.0,0.0,0.0,5.99994
5,4,0.0,0.0,0.0,0.0,0.0
6,0,0.0,5.99967,0.0,0.0,0.0
6,1,0.0,0.0,0.0,0.0,5.999994
6,4,0.0,0.0,0.0,0.0,0.0
7,0,0.0,5.9999616,0.0,0.0,0.0
7,1,0.0,0.0,0.0,0.0,5.9999994
7,4,0.0,0.0,0.0,0.0,0.0
8,0,0.0,5.99999562,0.0,0.0,0.0
8,1,0.0,0.0,0.0,0.0,5.99999994
8,4,0.0,0.0,0.0,0.0,0.0
9,0,0.0,5.999999508,0.0,0.0,0.0
9,1,0.0,0.0,0.0,0.0,5.999999994
9,4,0.0,0.0,0.0,0.0,0.0
10,0,0.0,5.999999945400001,0.0,0.0,0.0
10,1,0.0,0.0,0.0,0.0,5.9999999994
10,4,0.0,0.0,0.0,0.0,0.0
11,0,0.0,5.999999994,0.0,0.0,0.0
11,1,0.0,0.0,0.0,0.0,5.99999999994
11,4,0.0,0.0,0.0,0.0,0.0
12,0,0.0,5.9999999993460005,0.0,0.0,0.0
12,1,0.0,0.0,0.0,0.0,5.999999999994
12,4,0.0,0.0,0.0,0.0,0.0
13,0,0.0,5.999999999929201,0.0,0.0,0.0
13,1,0.0,0.0,0.0,0.0,5.9999999999994
13,4,0.0,0.0,0.0,0.0,0.0
14,0,0.0,5.999999999992379,0.0,0.0,0.0
14,1,0.0,0.0,0.0,0.0,5.99999999999994
14,4,0.0,0.0,0.0,0.0,0.0
15,0,0.0,5.999999999999184,0.0,0.0,0.0
15,1,0.0,0.0,0.0,0.0,5.999999999999994
15,4,0.0,0.0,0.0,0.0,0.0
16,0,0.0,5.999999999999913,0.0,0.0,0.0
16,1,0.0,0.0,0.0,0.0,5.999999999999999
16,4,0.0,0.0,0.0,0.0,0.0
17,0,0.0,5.99999999999999,0.0,0.0,0.0
17,1,0.0,0.0,0.0,0.0,6.0
17,4,0.0,0.0,0.0,0.0,0.0
18,0,0.0,5.999999999999999,0.0,0.0,0.0
18,1,0.0,0.0,0.0,0.0,6.0
18,4,0.0,0.0,0.0,0.0,0.0
19,0,0.0,6.0,0.0,0.0,0.0
19,1,0.0,0.0,0.0,0.0,6.0
19,4,0.0,0.0,0.0,0.0,0.0
20,0,0.0,6.0,0.0,0.0,0.0
20,1,0.0,0.0,0.0,0.0,6.0
20,4,0.0,0.0,0.0,0.0,0.0
21,0,0.0,6.0,0.0,0.0,0.0
21,1,0.0,0.0,0.0,0.0,6.0
21,4,0.0,0.0,0.0,0.0,0.0
22,0,0.0,6.0,0.0,0.0,0.0
22,1,0.0,0.0,0.0,0.0,6.0
22,4,0.0,0.0,0.0,0.0,0.0
23,0,0.0,6.0,0.0,0.0,0.0
23,1,0.0,0.0,0.0,0.0,6.0
23,4,0.0,0.0,0.0,0.0,0.0
24,0,0.0,6.0,0.0,0.0,0.0
24,1,0.0,0.0,0.0,0.0,6.0
24,4,0.0,0.0,0.0,0.0,0.0
25,0,0.0,6.0,0.0,0.0,0.0
25,1,0.0,0.0,0.0,0.0,6.0
25,4,0.0,0.0,0.0,0.0,0.0
26,0,0.0,6.0,0.0,0.0,0.0
26,1,0.0,0.0,0.0,0.0,6.0
26,4,0.0,0.0,0.0,0.0,0.0
27,0,0.0,6.0,0.0,0.0,0.0
27,1,0.0,0.0,0.0,0.0,6.0
27,4,0.0,0.0,0.0,0.0,0.0
28,0,0.0,6.0,0.0,0.0,0.0
28,1,0.0,0.0,0.0,0.0,6.0
28,4,0.0,0.0,0.0,0.0,0.0
29,0,0.0,6.0,0.0,0.0,0.0
29,1,0.0,0.0,0.0,0.0,6.0
29,4,0.0,0.0,0.0,0.0,0.0
30,0,0.0,6.0,0.0,0.0,0.0
30,1,0.0,0.0,0.0,0.0,6.0
30,4,0.0,0.0,0.0,0.0,0.0
31,0,0.0,6.0,0.0,0.0,0.0
31,1,0.0,0.0,0.0,0.0,6.0
31,4,0.0,0.0,0.0,0.0,0.0
32,0,0.0,6.0,0.0,0.0,0.0
32,1,0.0,0.0,0.0,0.0,6.0
32,4,0.0,0.0,0.0,0.0,0.0
33,0,0.0,6.0,0.0,0.0,0.0
33,1,0.0,0.0,0.0,0.0,6.0
33,4,0.0,0.0,0.0,0.0,0.0
34,0,0.0,6.0,0.0,0.0,0.0
34,1,0.0,0.0,0.0,0.0,6.0
34,4,0.0,0.0,0.0,0.0,0.0
35,0,0.0,6.0,0.0,0.0,0.0
35,1,0.0,0.0,0.0,0.0,6.0
35,4,0.0,0.0,0.0,0.0,0.0
36,0,0.0,6.0,0.0,0.0,0.0
36,1,0.0,0.0,0.0,0.0,6.0
36,4,0.0,0.0,0.0,0.0,0.0
37,0,0.0,6.0,0.0,0.0,0.0
37,1,0.0,0.0,0.0,0.0,6.0
37,4,0.0,0.0,0.0,0.0,0.0
38,0,0.0,6.0,0.0,0.0,0.0
38,1,0.0,0.0,0.0,0.0,6.0
38,4,0.0,0.0,0.0,0.0,0.0
39,0,0.0,6.0,0.0,0.0,0.0
39,1,0.0,0.0,0.0,0.0,6.0
39,4,0.0,0.0,0.0,0.0,0.0
40,0,0.0,6.0,0.0,0.0,0.0
40,1,0.0,0.0,0.0,0.0,6.0
40,4,0.0,0.0,0.0,0.0,0.0
41,0,0.0,6.0,0.0,0.0,0.0
41,1,0.0,0.0,0.0,0.0,6.0
41,4,0.0,0.0,0.0,0.0,0.0
42,0,0.0,6.0,0.0,0.0,0.0
42,1,0.0,0.0,0.0,0.0,6.0
42,4,0.0,0.0,0.0,0.0,0.0
43,0,0.0,6.0,0.0,0.0,0.0
43,1,0.0,0.0,0.0,0.0,6.0
43,4,0.0,0.0,0.0,0.0,0.0
44,0,0.0,6.0,0.0,0.0,0.0
44,1,0.0,0.0,0.0,0.0,6.0
44,4,0.0,0.0,0.0,0.0,0.0
45,0,0.0,6.0,0.0,0.0,0.0
45,1,0.0,0.0,0.0,0.0,6.0
45,4,0.0,0.0,0.0,0.0,0.0
46,0,0.0,6.0,0.0,0.0,0.0
46,1,0.0,0.0,0.0,0.0,6.0
46,4,0.0,0.0,0.0,0.0,0.0
47,0,0.0,6.0,0.0,0.0,0.0
47,1,0.0,0.0,0.0,0.0,6.0
47,4,0.0,0.0,0.0,0.0,0.0
48,0,0.0,6.0,0.0,0.0,0.0
48,1,0.0,0.0,0.0,0.0,6.0
48,4,0.0,0.0,0.0,0.0,0.0
49,0,0.0,6.0,0.0,0.0,0.0
49,1,0.0,0.0,0.0,0.0,6.0
49,4,0.0,0.0,0.0,0.0,0.0
50,0,0.0,6.0,0.0,0.0,0.0
50,1,0.0,0.0,0.0,0.0,6.0
50,4,0.0,0.0,0.0,0.0,0.0
51,0,0.0,6.0,0.0,0.0,0.0
51,1,0.0,0.0,0.0,0.0,6.0
51,4,0.0,0.0,0.0,0.0,0.0
52,0,0.0,6.0,0.0,0.0,0.0
52,1,0.0,0.0,0.0,0.0,6.0
52,4,0.0,0.0,0.0,0.0,0.0
53,0,0.0,6.0,0.0,0.0,0.0
53,1,0.0,0.0,0.0,0.0,6.0
53,4,0.0,0.0,0.0,0.0,0.0
54,0,0.0,6.0,0.0,0.0,0.0
54,1,0.0,0.0,0.0,0.0,6.0
54,4,0.0,0.0,0.0,0.0,0.0
55,0,0.0,6.0,0.0,0.0,0.0
55,1,0.0,0.0,0.0,0.0,6.0
55,4,0.0,0.0,0.0,0.0,0.0
56,0,0.0,6.0,0.0,0.0,0.0
56,1,0.0,0.0,0.0,0.0,6.0
56,4,0.0,0.0,0.0,0.0,0.0
57,0,0.0,6.0,0.0,0.0,0.0
57,1,0.0,0.0,0.0,0.0,6.0
57,4,0.0,0.0,0.0,0.0,0.0
58,0,0.0,6.0,0.0,0.0,0.0
58,1,0.0,0.0,0.0,0.0,6.0
58,4,0.0,0.0,0.0,0.0,0.0
59,0,0.0,6.0,0.0,0.0,0.0
59,1,0.0,0.0,0.0,0.0,6.0
59,4,0.0,0.0,0.0,0.0,0.0
60,0,0.0,6.0,0.0,0.0,0.0
60,1,0.0,0.0,0.0,0.0,6.0
60,4,0.0,0.0,0.0,0.0,0.0
61,0,0.0,6.0,0.0,0.0,0.0
61,1,0.0,0.0,0.0,0.0,6.0
61,4,0.0,0.0,0.0,0.0,0.0
62,0,0.0,6.0,0.0,0.0,0.0
62,1,0.0,0.0,0.0,0.0,6.0
62,4,0.0,0.0,0.0,0.0,0.0
63,0,0.0,6.0,0.0,0.0,0.0
63,1,0.0,0.0,0.0,0.0,6.0
63,4,0.0,0.0,0.0,0.0,0.0
64,0,0.0,6.0,0.0,0.0,0.0
64,1,0.0,0.0,0.0,0.0,6.0
64,4,0.0,0.0,0.0,0.0,0.0
65,0,0.0,6.0,0.0,0.0,0.0
65,1,0.0,0.0,0.0,0.0,6.0
65,4,0.0,0.0,0.0,0.0,0.0
66,0,0.0,6.0,0.0,0.0,0.0
66,1,0.0,0.0,0.0,0.0,6.0
66,4,0.0,0.0,0.0,0.0,0.0
67,0,0.0,6.0,0.0,0.0,0.0
67,1,0.0,0.0,0.0,0.0,6.0
67,4,0.0,0.0,0.0,0.0,0.0
68,0,0.0,6.0,0.0,0.0,0.0
68,1,0.0,0.0,0.0,0.0,6.0
68,4,0.0,0.0,0.0,0.0,0.0
69,0,0.0,6.0,0.0,0.0,0.0
69,1,0.0,0.0,0.0,0.0,6.0
69,4,0.0,0.0,0.0,0.0,0.0
70,0,0.0,6.0,0.0,0.0,0.0
70,1,0.0,0.0,0.0,0.0,6.0
70,4,0.0,0.0,0.0,0.0,0.0
71,0,0.0,6.0,0.0,0.0,0.0
71,1,0.0,0.0,0.0,0.0,6.0
71,4,0.0,0.0,0.0,0.0,0.0
72,0,0.0,6.0,0.0,0.0,0.0
72,1,0.0,0.0,0.0,0.0,6.0
72,4,0.0,0.0,0.0,0.0,0.0
73,0,0.0,6.0,0.0,0.0,0.0
73,1,0.0,0.0,0.0,0.0,6.0
73,4,0.0,0.0,0.0,0.0,0.0
74,0,0.0,6.0,0.0,0.0,0.0
74,1,0.0,0.0,0.0,0.0,6.0
74,4,0.0,0.0,0.0,0.0,0.0
75,0,0.0,6.0,0.0,0.0,0.0
75,1,0.0,0.0,0.0,0.0,6.0
75,4,0.0,0.0,0.0,0.0,0.0
76,0,0.0,6.0,0.0,0.0,0.0
76,1,0.0,0.0,0.0,0.0,6.0
76,4,0.0,0.0,0.0,0.0,0.0
77,0,0.0,6.0,0.0,0.0,0.0
77,1,0.0,0.0,0.0,0.0,6.0
77,4,0.0,0.0,0.0,0.0,0.0
78,0,0.0,6.0,0.0,0.0,0.0
78,1,0.0,0.0,0.0,0.0,6.0
78,4,0.0,0.0,0.0,0.0,0.0
79,0,0.0,6.0,0.0,0.0,0.0
79,1,0.0,0.0,0.0,0.0,6.0
79,4,0.0,0.0,0.0,0.0,0.0
80,0,0.0,6.0,0.0,0.0,0.0
80,1,0.0,0.0,0.0,0.0,6.0
80,4,0.0,0.0,0.0,0.0,0.0
81,0,0.0,6.0,0.0,0.0,0.0
81,1,0.0,0.0,0.0,0.0,6.0
81,4,0.0,0.0,0.0,0.0,0.0
82,0,0.0,6.0,0.0,0.0,0.0
82,1,0.0,0.0,0.0,0.0,6.0
82,4,0.0,0.0,0.0,0.0,0.0
83,0,0.0,6.0,0.0,0.0,0.0
83,1,0.0,0.0,0.0,0.0,6.0
83,4,0.0,0.0,0.0,0.0,0.0
84,0,0.0,6.0,0.0,0.0,0.0
84,1,0.0,0.0,0.0,0.0,6.0
84,4,0.0,0.0,0.0,0.0,0.0
85,0,0.0,6.0,0.0,0.0,0.0
85,1,0.0,0.0,0.0,0.0,6.0
85,4,0.0,0.0,0.0,0.0,0.0
86,0,0.0,6.0,0.0,0.0,0.0
86,1,0.0,0.0,0.0,0.0,6.0
86,4,0.0,0.0,0.0,0.0,0.0
87,0,0.0,6.0,0.0,0.0,0.0
87,1,0.0,0.0,0.0,0.0,6.0
87,4,0.0,0.0,0.0,0.0,0.0
88,0,0.0,6.0,0.0,0.0,0.0
88,1,0.0,0.0,0.0,0.0,6.0
88,4,0.0,0.0,0.0,0.0,0.0
89,0,0.0,6.0,0.0,0.0,0.0
89,1,0.0,0.0,0.0,0.0,6.0
89,4,0.0,0.0,0.0,0.0,0.0
90,0,0.0,6.0,0.0,0.0,0.0
90,1,0.0,0.0,0.0,0.0,6.0
90,4,0.0,0.0,0.0,0.0,0.0
91,0,0.0,6.0,0.0,0.0,0.0
91,1,0.0,0.0,0.0,0.0,6.0
91,4,0.0,0.0,0.0,0.0,0.0
92,0,0.0,6.0,0.0,0.0,0.0
92,1,0.0,0.0,0.0,0.0,6.0
92,4,0.0,0.0,0.0,0.0,0.0
93,0,0.0,6.0,0.0,0.0,0.0
93,1,0.0,0.0,0.0,0.0,6.0
93,4,0.0,0.0,0.0,0.0,0.0
94,0,0.0,6.0,0.0,0.0,0.0
94,1,0.0,0.0,0.0,0.0,6.0
94,4,0.0,0.0,0.0,0.0,0.0
95,0,0.0,6.0,0.0,0.0,0.0
95,1,0.0,0.0,0.0,0.0,6.0
95,4,0.0,0.0,0.0,0.0,0.0
96,0,0.0,6.0,0.0,0.0,0.0
96,1,0.0,0.0,0.0,0.0,6.0
96,4,0.0,0.0,0.0,0.0,0.0
97,0,0.0,6.0,0.0,0.0,0.0
97,1,0.0,0.0,0.0,0.0,6.0
97,4,0.0,0.0,0.0,0.0,0.0
98,0,0.0,6.0,0.0,0.0,0.0
98,1,0.0,0.0,0.0,0.0,6.0
98,4,0.0,0.0,0.0,0.0,0.0
99,0,0.0,6.0,0.0,0.0,0.0
99,1,0.0,0.0,0.0,0.0,6.0
99,4,0.0,0.0,0.0,0.0,0.0
100,0,0.0,6.0,0.0,0.0,0.0
100,1,0.0,0.0,0.0,0.0,6.0
100,4,0.0,0.0,0.0,0.0,0.0
101,0,0.0,6.0,0.0,0.0,0.0
101,1,0.0,0.0,0.0,0.0,6.0
101,4,0.0,0.0,0.0,0.0,0.0
102,0,0.0,6.0,0.0,0.0,0.0
102,1,0.0,0.0,0.0,0.0,6.0
102,4,0.0,0.0,0.0,0.0,0.0
103,0,0.0,6.0,0.0,0.0,0.0
103,1,0.0,0.0,0.0,0.0,6.0
103,4,0.0,0.0,0.0,0.0,0.0
104,0,0.0,6.0,0.0,0.0,0.0
104,1,0.0,0.0,0.0,0.0,6.0
104,4,0.0,0.0,0.0,0.0,0.0
105,0,0.0,6.0,0.0,0.0,0.0
105,1,0.0,0.0,0.0,0.0,6.0
105,4,0.0,0.0,0.0,0.0,0.0
106,0,0.0,6.0,0.0,0.0,0.0
106,1,0.0,0.0,0.0,0.0,6.0
106,4,0.0,0.0,0.0,0.0,0.0
107,0,0.0,6.0,0.0,0.0,0.0
107,1,0.0,0.0,0.0,0.0,6.0
107,4,0.0,0.0,0.0,0.0,0.0
108,0,0.0,6.0,0.0,0.0,0.0
108,1,0.0,0.0,0.0,0.0,6.0
108,4,0.0,0.0,0.0,0.0,0.0
109,0,0.0,6.0,0.0,0.0,0.0
109,1,0.0,0.0,0.0,0.0,6.0
109,4,0.0,0.0,0.0,0.0,0.0
110,0,0.0,6.0,0.0,0.0,0.0
110,1,0.0,0.0,0.0,0.0,6.0
110,4,0.0,0.0,0.0,0.0,0.0
111,0,0.0,6.0,0.0,0.0,0.0
111,1,0.0,0.0,0.0,0.0,6.0
111,4,0.0,0.0,0.0,0.0,0.0
112,0,0.0,6.0,0.0,0.0,0.0
112,1,0.0,0.0,0.0,0.0,6.0
112,4,0.0,0.0,0.0,0.0,0.0
113,0,0.0,6.0,0.0,0.0,0.0
113,1,0.0,0.0,0.0,0.0,6.0
113,4,0.0,0.0,0.0,0.0,0.0
114,0,0.0,6.0,0.0,0.0,0.0
114,1,0.0,0.0,0.0,0.0,6.0
114,4,0.0,0.0,0.0,0.0,0.0
115,0,0.0,6.0,0.0,0.0,0.0
115,1,0.0,0.0,0.0,0.0,6.0
115,4,0.0,0.0,0.0,0.0,0.0
116,0,0.0,6.0,0.0,0.0,0.0
116,1,0.0,0.0,0.0,0.0,6.0
116,4,0.0,0.0,0.0,0.0,0.0
117,0,0.0,6.0,0.0,0.0,0.0
117,1,0.0,0.0,0.0,0.0,6.0
117,4,0.0,0.0,0.0,0.0,0.0
118,0,0.0,6.0,0.0,0.0,0.0
118,1,0.0,0.0,0.0,0.0,6.0
118,4,0.0,0.0,0.0,0.0,0.0
119,0,0.0,6.0,0.0,0.0,0.0
119,1,0.0,0.0,0.0,0.0,6.0
119,4,0.0,0.0,0.0,0.0,0.0
120,0,0.0,6.0,0.0,0.0,0.0
120,1,0.0,0.0,0.0,0.0,6.0
120,4,0.0,0.0,0.0,0.0,0.0
121,0,0.0,6.0,0.0,0.0,0.0
121,1,0.0,0.0,0.0,0.0,6.0
121,4,0.0,0.0,0.0,0.0,0.0
122,0,0.0,6.0,0.0,0.0,0.0
122,1,0.0,0.0,0.0,0.0,6.0
122,4,0.0,0.0,0.0,0.0,0.0
123,0,0.0,6.0,0.0,0.0,0.0
123,1,0.0,0.0,0.0,0.0,6.0
123,4,0.0,0.0,0.0,0.0,0.0
124,0,0.0,6.0,0.0,0.0,0.0
124,1,0.0,0.0,0.0,0.0,6.0
124,4,0.0,0.0,0.0,0.0,0.0
125,0,0.0,6.0,0.0,0.0,0.0
125,1,0.0,0.0,0.0,0.0,6.0
125,4,0.0,0.0,0.0,0.0,0.0
126,0,0.0,6.0,0.0,0.0,0.0
126,1,0.0,0.0,0.0,0.0,6.0
126,4,0.0,0.0,0.0,0.0,0.0
127,0,0.0,6.0,0.0,0.0,0.0
127,1,0.0,0.0,0.0,0.0,6.0
127,4,0.0,0.0,0.0,0.0,0.0
128,0,0.0,6.0,0.0,0.0,0.0
128,1,0.0,0.0,0.0,0.0,6.0
128,4,0.0,0.0,0.0,0.0,0.0
129,0,0.0,6.0,0.0,0.0,0.0
129,1,0.0,0.0,0.0,0.0,6.0
129,4,0.0,0.0,0.0,0.0,0.0
130,0,0.0,6.0,0.0,0.0,0.0
130,1,0.0,0.0,0.0,0.0,6.0
130,4,0.0,0.0,0.0,0.0,0.0
131,0,0.0,6.0,0.0,0.0,0.0
131,1,0.0,0.0,0.0,0.0,6.0
131,4,0.0,0.0,0.0,0.0,0.0
132,0,0.0,6.0,0.0,0.0,0.0
132,1,0.0,0.0,0.0,0.0,6.0
132,4,0.0,0.0,0.0,0.0,0.0
133,0,0.0,6.0,0.0,0.0,0.0
133,1,0.0,0.0,0.0,0.0,6.0
133,4,0.0,0.0,0.0,0.0,0.0
134,0,0.0,6.0,0.0,0.0,0.0
134,1,0.0,0.0,0.0,0.0,6.0
134,4,0.0,0.0,0.0,0.0,0.0
135,0,0.0,6.0,0.0,0.0,0.0
135,1,0.0,0.0,0.0,0.0,6.0
135,4,0.0,0.0,0.0,0.0,0.0
136,0,0.0,6.0,0.0,0.0,0.0
136,1,0.0,0.0,0.0,0.0,6.0
136,4,0.0,0.0,0.0,0.0,0.0
137,0,0.0,6.0,0.0,0.0,0.0
137,1,0.0,0.0,0.0,0.0,6.0
137,4,0.0,0.0,0.0,0.0,0.0
138,0,0.0,6.0,0.0,0.0,0.0
138,1,0.0,0.0,0.0,0.0,6.0
138,4,0.0,0.0,0.0,0.0,0.0
139,0,0.0,6.0,0.0,0.0,0.0
139,1,0.0,0.0,0.0,0.0,6.0
139,4,0.0,0.0,0.0,0.0,0.0
140,0,0.0,6.0,0.0,0.0,0.0
140,1,0.0,0.0,0.0,0.0,6.0
140,4,0.0,0.0,0.0,0.0,0.0
141,0,0.0,6.0,0.0,0.0,0.0
141,1,0.0,0.0,0.0,0.0,6.0
141,4,0.0,0.0,0.0,0.0,0.0
142,0,0.0,6.0,0.0,0.0,0.0
142,1,0.0,0.0,0.0,0.0,6.0
142,4,0.0,0.0,0.0,0.0,0.0
143,0,0.0,6.0,0.0,0.0,0.0
143,1,0.0,0.0,0.0,0.0,6.0
143,4,0.0,0.0,0.0,0.0,0.0
144,0,0.0,6.0,0.0,0.0,0.0
144,1,0.0,0.0,0.0,0.0,6.0
144,4,0.0,0.0,0.0,0.0,0.0
145,0,0.0,6.0,0.0,0.0,0.0
145,1,0.0,0.0,0.0,0.0,6.0
145,4,0.0,0.0,0.0,0.0,0.0
146,0,0.0,6.0,0.0,0.0,0.0
146,1,0.0,0.0,0.0,0.0,6.0
146,4,0.0,0.0,0.0,0.0,0.0
147,0,0.0,6.0,0.0,0.0,0.0
147,1,0.0,0.0,0.0,0.0,6.0
147,4,0.0,0.0,0.0,0.0,0.0
148,0,0.0,6.0,0.0,0.0,0.0
148,1,0.0,0.0,0.0,0.0,6.0
148,4,0.0,0.0,0.0,0.0,0.0
149,0,0.0,6.0,0.0,0.0,0.0
149,1,0.0,0.0,0.0,0.0,6.0
149,4,0.0,0.0,0.0,0.0,0.0
150,0,0.0,6.0,0.0,0.0,0.0
150,1,0.0,0.0,0.0,0.0,6.0
150,4,0.0,0.0,0.0,0.0,0.0
151,0,0.0,6.0,0.0,0.0,0.0
151,1,0.0,0.0,0.0,0.0,6.0
151,4,0.0,0.0,0.0,0.0,0.0
152,0,0.0,6.0,0.0,0.0,0.0
152,1,0.0,0.0,0.0,0.0,6.0
152,4,0.0,0.0,0.0,0.0,0.0
153,0,0.0,6.0,0.0,0.0,0.0
153,1,0.0,0.0,0.0,0.0,6.0
153,4,0.0,0.0,0.0,0.0,0.0
154,0,0.0,6.0,0.0,0.0,0.0
154,1,0.0,0.0,0.0,0.0,6.0
154,4,0.0,0.0,0.0,0.0,0.0
155,0,0.0,6.0,0.0,0.0,0.0
155,1,0.0,0.0,0.0,0.0,6.0
155,4,0.0,0.0,0.0,0.0,0.0
156,0,0.0,6.0,0.0,0.0,0.0
156,1,0.0,0.0,0.0,0.0,6.0
156,4,0.0,0.0,0.0,0.0,0.0
157,0,0.0,6.0,0.0,0.0,0.0
157,1,0.0,0.0,0.0,0.0,6.0
157,4,0.0,0.0,0.0,0.0,0.0
158,0,0.0,6.0,0.0,0.0,0.0
158,1,0.0,0.0,0.0,0.0,6.0
158,4,0.0,0.0,0.0,0.0,0.0
159,0,0.0,6.0,0.0,0.0,0.0
159,1,0.0,0.0,0.0,0.0,6.0
159,4,0.0,0.0,0.0,0.0,0.0
160,0,0.0,6.0,0.0,0.0,0.0
160,1,0.0,0.0,0.0,0.0,6.0
160,4,0.0,0.0,0.0,0.0,0.0
161,0,0.0,6.0,0.0,0.0,0.0
161,1,0.0,0.0,0.0,0.0,6.0
161,4,0.0,0.0,0.0,0.0,0.0
162,0,0.0,6.0,0.0,0.0,0.0
162,1,0.0,0.0,0.0,0.0,6.0
162,4,0.0,0.0,0.0,0.0,0.0
163,0,0.0,6.0,0.0,0.0,0.0
163,1,0.0,0.0,0.0,0.0,6.0
163,4,0.0,0.0,0.0,0.0,0.0
164,0,0.0,6.0,0.0,0.0,0.0
164,1,0.0,0.0,0.0,0.0,6.0
164,4,0.0,0.0,0.0,0.0,0.0
165,0,0.0,6.0,0.0,0.0,0.0
165,1,0.0,0.0,0.0,0.0,6.0
165,4,0.0,0.0,0.0,0.0,0.0
166,0,0.0,6.0,0.0,0.0,0.0
166,1,0.0,0.0,0.0,0.0,6.0
166,4,0.0,0.0,0.0,0.0,0.0
167,0,0.0,6.0,0.0,0.0,0.0
167,1,0.0,0.0,0.0,0.0,6.0
167,4,0.0,0.0,0.0,0.0,0.0
168,0,0.0,6.0,0.0,0.0,0.0
168,1,0.0,0.0,0.0,0.0,6.0
168,4,0.0,0.0,0.0,0.0,0.0
169,0,0.0,6.0,0.0,0.0,0.0
169,1,0.0,0.0,0.0,0.0,6.0
169,4,0.0,0.0,0.0,0.0,0.0
170,0,0.0,6.0,0.0,0.0,0.0
170,1,0.0,0.0,0.0,0.0,6.0
170,4,0.0,0.0,0.0,0.0,0.0
171,0,0.0,6.0,0.0,0.0,0.0
171,1,0.0,0.0,0.0,0.0,6.0
171,4,0.0,0.0,0.0,0.0,0.0
172,0,0.0,6.0,0.0,0.0,0.0
172,1,0.0,0.0,0.0,0.0,6.0
172,4,0.0,0.0,0.0,0.0,0.0
173,0,0.0,6.0,0.0,0.0,0.0
173,1,0.0,0.0,0.0,0.0,6.0
173,4,0.0,0.0,0.0,0.0,0.0
174,0,0.0,6.0,0.0,0.0,0.0
174,1,0.0,0.0,0.0,0.0,6.0
174,4,0.0,0.0,0.0,0.0,0.0
175,0,0.0,6.0,0.0,0.0,0.0
175,1,0.0,0.0,0.0,0.0,6.0
175,4,0.0,0.0,0.0,0.0,0.0
176,0,0.0,6.0,0.0,0.0,0.0
176,1,0.0,0.0,0.0,0.0,6.0
176,4,0.0,0.0,0.0,0.0,0.0
177,0,0.0,6.0,0.0,0.0,0.0
177,1,0.0,0.0,0.0,0.0,6.0
177,4,0.0,0.0,0.0,0.0,0.0
178,0,0.0,6.0,0.0,0.0,0.0
178,1,0.0,0.0,0.0,0.0,6.0
178,4,0.0,0.0,0.0,0.0,0.0
179,0,0.0,6.0,0.0,0.0,0.0
179,1,0.0,0.0,0.0,0.0,6.0
179,4,0.0,0.0,0.0,0.0,0.0
180,0,0.0,6.0,0.0,0.0,0.0
180,1,0.0,0.0,0.0,0.0,6.0
180,4,0.0,0.0,0.0,0.0,0.0
181,0,0.0,6.0,0.0,0.0,0.0
181,1,0.0,0.0,0.0,0.0,6.0
181,4,0.0,0.0,0.0,0.0,0.0
182,0,0.0,6.0,0.0,0.0,0.0
182,1,0.0,0.0,0.0,0.0,6.0
182,4,0.0,0.0,0.0,0.0,0.0
183,0,0.0,6.0,0.0,0.0,0.0
183,1,0.0,0.0,0.0,0.0,6.0
183,4,0.0,0.0,0.0,0.0,0.0
184,0,0.0,6.0,0.0,0.0,0.0
184,1,0.0,0.0,0.0,0.0,6.0
184,4,0.0,0.0,0.0,0.0,0.0
185,0,0.0,6.0,0.0,0.0,0.0
185,1,0.0,0.0,0.0,0.0,6.0
185,4,0.0,0.0,0.0,0.0,0.0
186,0,0.0,6.0,0.0,0.0,0.0
186,1,0.0,0.0,0.0,0.0,6.0
186,4,0.0,0.0,0.0,0.0,0.0
187,0,0.0,6.0,0.0,0.0,0.0
187,1,0.0,0.0,0.0,0.0,6.0
187,4,0.0,0.0,0.0,0.0,0.0
188,0,0.0,6.0,0.0,0.0,0.0
188,1,0.0,0.0,0.0,0.0,6.0
188,4,0.0,0.0,0.0,0.0,0.0
189,0,0.0,6.0,0.0,0.0,0.0
189,1,0.0,0.0,0.0,0.0,6.0
189,4,0.0,0.0,0.0,0.0,0.0
190,0,0.0,6.0,0.0,0.0,0.0
190,1,0.0,0.0,0.0,0.0,6.0
190,4,0.0,0.0,0.0,0.0,0.0
191,0,0.0,6.0,0.0,0.0,0.0
191,1,0.0,0.0,0.0,0.0,6.0
191,4,0.0,0.0,0.0,0.0,0.0
192,0,0.0,6.0,0.0,0.0,0.0
192,1,0.0,0.0,0.0,0.0,6.0
192,4,0.0,0.0,0.0,0.0,0.0
193,0,0.0,6.0,0.0,0.0,0.0
193,1,0.0,0.0,0.0,0.0,6.0
193,4,0.0,0.0,0.0,0.0,0.0
194,0,0.0,6.0,0.0,0.0,0.0
194,1,0.0,0.0,0.0,0.0,6.0
194,4,0.0,0.0,0.0,0.0,0.0
195,0,0.0,6.0,0.0,0.0,0.0
195,1,0.0,0.0,0.0,0.0,6.0
195,4,0.0,0.0,0.0,0.0,0.0
196,0,0.0,6.0,0.0,0.0,0.0
196,1,0.0,0.0,0.0,0.0,6.0
196,4,0.0,0.0,0.0,0.0,0.0
197,0,0.0,6.0,0.0,0.0,0.0
197,1,0.0,0.0,0.0,0.0,6.0
197,4,0.0,0.0,0.0,0.0,0.0
198,0,0.0,6.0,0.0,0.0,0.0
198,1,0.0,0.0,0.0,0.0,6.0
198,4,0.0,0.0,0.0,0.0,0.0
199,0,0.0,6.0,0.0,0.0,0.0
199,1,0.0,0.0,0.0,0.0,6.0
199,4,0.0,0.0,0.0,0.0,0.0
200,0,0.0,6.0,0.0,0.0,0.0
200,1,0.0,0.0,0.0,0.0,6.0
200,4,0.0,0.0,0.0,0.0,0.0
201,0,0.0,6.0,0.0,0.0,0.0
201,1,0.0,0.0,0.0,0.0,6.0
201,4,0.0,0.0,0.0,0.0,0.0
202,0,0.0,6.0,0.0,0.0,0.0
202,1,0.0,0.0,0.0,0.0,6.0
202,4,0.0,0.0,0.0,0.0,0.0
203,0,0.0,6.0,0.0,0.0,0.0
203,1,0.0,0.0,0.0,0.0,6.0
203,4,0.0,0.0,0.0,0.0,0.0
204,0,0.0,6.0,0.0,0.0,0.0
204,1,0.0,0.0,0.0,0.0,6.0
204,4,0.0,0.0,0.0,0.0,0.0
205,0,0.0,6.0,0.0,0.0,0.0
205,1,0.0,0.0,0.0,0.0,6.0
205,4,0.0,0.0,0.0,0.0,0.0
206,0,0.0,6.0,0.0,0.0,0.0
206,1,0.0,0.0,0.0,0.0,6.0
206,4,0.0,0.0,0.0,0.0,0.0
207,0,0.0,6.0,0.0,0.0,0.0
207,1,0.0,0.0,0.0,0.0,6.0
207,4,0.0,0.0,0.0,0.0,0.0
208,0,0.0,6.0,0.0,0.0,0.0
208,1,0.0,0.0,0.0,0.0,6.0
208,4,0.0,0.0,0.0,0.0,0.0
209,0,0.0,6.0,0.0,0.0,0.0
209,1,0.0,0.0,0.0,0.0,6.0
209,4,0.0,0.0,0.0,0.0,0.0
210,0,0.0,6.0,0.0,0.0,0.0
210,1,0.0,0.0,0.0,0.0,6.0
210,4,0.0,0.0,0.0,0.0,0.0
211,0,0.0,6.0,0.0,0.0,0.0
211,1,0.0,0.0,0.0,0.0,6.0
211,4,0.0,0.0,0.0,0.0,0.0
212,0,0.0,6.0,0.0,0.0,0.0
212,1,0.0,0.0,0.0,0.0,6.0
212,4,0.0,0.0,0.0,0.0,0.0
213,0,0.0,6.0,0.0,0.0,0.0
213,1,0.0,0.0,0.0,0.0,6.0
213,4,0.0,0.0,0.0,0.0,0.0
214,0,0.0,6.0,0.0,0.0,0.0
214,1,0.0,0.0,0.0,0.0,6.0
214,4,0.0,0.0,0.0,0.0,0.0
215,0,0.0,6.0,0.0,0.0,0.0
215,1,0.0,0.0,0.0,0.0,6.0
215,4,0.0,0.0,0.0,0.0,0.0
216,0,0.0,6.0,0.0,0.0,0.0
216,1,0.0,0.0,0.0,0.0,6.0
216,4,0.0,0.0,0.0,0.0,0.0
217,0,0.0,6.0,0.0,0.0,0.0
217,1,0.0,0.0,0.0,0.0,6.0
217,4,0.0,0.0,0.0,0.0,0.0
218,0,0.0,6.0,0.0,0.0,0.0
218,1,0.0,0.0,0.0,0.0,6.0
218,4,0.0,0.0,0.0,0.0,0.0
219,0,0.0,6.0,0.0,0.0,0.0
219,1,0.0,0.0,0.0,0.0,6.0
219,4,0.0,0.0,0.0,0.0,0.0
220,0,0.0,6.0,0.0,0.0,0.0
220,1,0.0,0.0,0.0,0.0,6.0
220,4,0.0,0.0,0.0,0.0,0.0
221,0,0.0,6.0,0.0,0.0,0.0
221,1,0.0,0.0,0.0,0.0,6.0
221,4,0.0,0.0,0.0,0.0,0.0
222,0,0.0,6.0,0.0,0.0,0.0
222,1,0.0,0.0,0.0,0.0,6.0
222,4,0.0,0.0,0.0,0.0,0.0
223,0,0.0,6.0,0.0,0.0,0.0
223,1,0.0,0.0,0.0,0.0,6.0
223,4,0.0,0.0,0.0,0.0,0.0
224,0,0.0,6.0,0.0,0.0,0.0
224,1,0.0,0.0,0.0,0.0,6.0
224,4,0.0,0.0,0.0,0.0,0.0
225,0,0.0,6.0,0.0,0.0,0.0
225,1,0.0,0.0,0.0,0.0,6.0
225,4,0.0,0.0,0.0,0.0,0.0
226,0,0.0,6.0,0.0,0.0,0.0
226,1,0.0,0.0,0.0,0.0,6.0
226,4,0.0,0.0,0.0,0.0,0.0
227,0,0.0,6.0,0.0,0.0,0.0
227,1,0.0,0.0,0.0,0.0,6.0
227,4,0.0,0.0,0.0,0.0,0.0
228,0,0.0,6.0,0.0,0.0,0.0
228,1,0.0,0.0,0.0,0.0,6.0
228,4,0.0,0.0,0.0,0.0,0.0
229,0,0.0,6.0,0.0,0.0,0.0
229,1,0.0,0.0,0.0,0.0,6.0
229,4,0.0,0.0,0.0,0.0,0.0
230,0,0.0,6.0,0.0,0.0,0.0
230,1,0.0,0.0,0.0,0.0,6.0
230,4,0.0,0.0,0.0,0.0,0.0
231,0,0.0,6.0,0.0,0.0,0.0
231,1,0.0,0.0,0.0,0.0,6.0
231,4,0.0,0.0,0.0,0.0,0.0
232,0,0.0,6.0,0.0,0.0,0.0
232,1,0.0,0.0,0.0,0.0,6.0
232,4,0.0,0.0,0.0,0.0,0.0
233,0,0.0,6.0,0.0,0.0,0.0
233,1,0.0,0.0,0.0,0.0,6.0
233,4,0.0,0.0,0.0,0.0,0.0
234,0,0.0,6.0,0.0,0.0,0.0
234,1,0.0,0.0,0.0,0.0,6.0
234,4,0.0,0.0,0.0,0.0,0.0
235,0,0.0,6.0,0.0,0.0,0.0
235,1,0.0,0.0,0.0,0.0,6.0
235,4,0.0,0.0,0.0,0.0,0.0
236,0,0.0,6.0,0.0,0.0,0.0
236,1,0.0,0.0,0.0,0.0,6.0
236,4,0.0,0.0,0.0,0.0,0.0
237,0,0.0,6.0,0.0,0.0,0.0
237,1,0.0,0.0,0.0,0.0,6.0
237,4,0.0,0.0,0.0,0.0,0.0
238,0,0.0,6.0,0.0,0.0,0.0
238,1,0.0,0.0,0.0,0.0,6.0
238,4,0.0,0.0,0.0,0.0,0.0
239,0,0.0,6.0,0.0,0.0,0.0
239,1,0.0,0.0,0.0,0.0,6.0
239,4,0.0,0.0,0.0,0.0,0.0
240,0,0.0,6.0,0.0,0.0,0.0
240,1,0.0,0.0,0.0,0.0,6.0
240,4,0.0,0.0,0.0,0.0,0.0
241,0,0.0,6.0,0.0,0.0,0.0
241,1,0.0,0.0,0.0,0.0,6.0
241,4,0.0,0.0,0.0,0.0,0.0
242,0,0.0,6.0,0.0,0.0,0.0
242,1,0.0,0.0,0.0,0.0,6.0
242,4,0.0,0.0,0.0,0.0,0.0
243,0,0.0,6.0,0.0,0.0,0.0
243,1,0.0,0.0,0.0,0.0,6.0
243,4,0.0,0.0,0.0,0.0,0.0
244,0,0.0,6.0,0.0,0.0,0.0
244,1,0.0,0.0,0.0,0.0,6.0
244,4,0.0,0.0,0.0,0.0,0.0
245,0,0.0,6.0,0.0,0.0,0.0
245,1,0.0,0.0,0.0,0.0,6.0
245,4,0.0,0.0,0.0,0.0,0.0
246,0,0.0,6.0,0.0,0.0,0.0
246,1,0.0,0.0,0.0,0.0,6.0
246,4,0.0,0.0,0.0,0.0,0.0
247,0,0.0,6.0,0.0,0.0,0.0
247,1,0.0,0.0,0.0,0.0,6.0
247,4,0.0,0.0,0.0,0.0,0.0
248,0,0.0,6.0,0.0,0.0,0.0
248,1,0.0,0.0,0.0,0.0,6.0
248,4,0.0,0.0,0.0,0.0,0.0
249,0,0.0,6.0,0.0,0.0,0.0
249,1,0.0,0.0,0.0,0.0,6.0
249,4,0.0,0.0,0.0,0.0,0.0
250,0,0.0,6.0,0.0,0.0,0.0
250,1,0.0,0.0,0.0,0.0,6.0
250,4,0.0,0.0,0.0,0.0,0.0
251,0,0.0,6.0,0.0,0.0,0.0
251,1,0.0,0.0,0.0,0.0,6.0
251,4,0.0,0.0,0.0,0.0,0.0
252,0,0.0,6.0,0.0,0.0,0.0
252,1,0.0,0.0,0.0,0.0,6.0
252,4,0.0,0.0,0.0,0.0,0.0
253,0,0.0,6.0,0.0,0.0,0.0
253,1,0.0,0.0,0.0,0.0,6.0
253,4,0.0,0.0,0.0,0.0,0.0
254,0,0.0,6.0,0.0,0.0,0.0
254,1,0.0,0.0,0.0,0.0,6.0
254,4,0.0,0.0,0.0,0.0,0.0
255,0,0.0,6.0,0.0,0.0,0.0
255,1,0.0,0.0,0.0,0.0,6.0
255,4,0.0,0.0,0.0,0.0,0.0
256,0,0.0,6.0,0.0,0.0,0.0
256,1,0.0,0.0,0.0,0.0,6.0
256,4,0.0,0.0,0.0,0.0,0.0
257,0,0.0,6.0,0.0,0.0,0.0
257,1,0.0,0.0,0.0,0.0,6.0
257,4,0.0,0.0,0.0,0.0,0.0
258,0,0.0,6.0,0.0,0.0,0.0
258,1,0.0,0.0,0.0,0.0,6.0
258,4,0.0,0.0,0.0,0.0,0.0
259,0,0.0,6.0,0.0,0.0,0.0
259,1,0.0,0.0,0.0,0.0,6.0
259,4,0.0,0.0,0.0,0.0,0.0
260,0,0.0,6.0,0.0,0.0,0.0
260,1,0.0,0.0,0.0,0.0,6.0
260,4,0.0,0.0,0.0,0.0,0.0
261,0,0.0,6.0,0.0,0.0,0.0
261,1,0.0,0.0,0.0,0.0,6.0
261,4,0.0,0.0,0.0,0.0,0.0
262,0,0.0,6.0,0.0,0.0,0.0
262,1,0.0,0.0,0.0,0.0,6.0
262,4,0.0,0.0,0.0,0.0,0.0
263,0,0.0,6.0,0.0,0.0,0.0
263,1,0.0,0.0,0.0,0.0,6.0
263,4,0.0,0.0,0.0,0.0,0.0
264,0,0.0,6.0,0.0,0.0,0.0
264,1,0.0,0.0,0.0,0.0,6.0
264,4,0.0,0.0,0.0,0.0,0.0
265,0,0.0,6.0,0.0,0.0,0.0
265,1,0.0,0.0,0.0,0.0,6.0
265,4,0.0,0.0,0.0,0.0,0.0
266,0,0.0,6.0,0.0,0.0,0.0
266,1,0.0,0.0,0.0,0.0,6.0
266,4,0.0,0.0,0.0,0.0,0.0
267,0,0.0,6.0,0.0,0.0,0.0
267,1,0.0,0.0,0.0,0.0,6.0
267,4,0.0,0.0,0.0,0.0,0.0
268,0,0.0,6.0,0.0,0.0,0.0
268,1,0.0,0.0,0.0,0.0,6.0
268,4,0.0,0.0,0.0,0.0,0.0
269,0,0.0,6.0,0.0,0.0,0.0
269,1,0.0,0.0,0.0,0.0,6.0
269,4,0.0,0.0,0.0,0.0,0.0
270,0,0.0,6.0,0.0,0.0,0.0
270,1,0.0,0.0,0.0,0.0,6.0
270,4,0.0,0.0,0.0,0.0,0.0
271,0,0.0,6.0,0.0,0.0,0.0
271,1,0.0,0.0,0.0,0.0,6.0
271,4,0.0,0.0,0.0,0.0,0.0
272,0,0.0,6.0,0.0,0.0,0.0
272,1,0.0,0.0,0.0,0.0,6.0
272,4,0.0,0.0,0.0,0.0,0.0
273,0,0.0,6.0,0.0,0.0,0.0
273,1,0.0,0.0,0.0,0.0,6.0
273,4,0.0,0.0,0.0,0.0,0.0
274,0,0.0,6.0,0.0,0.0,0.0
274,1,0.0,0.0,0.0,0.0,6.0
274,4,0.0,0.0,0.0,0.0,0.0
275,0,0.0,6.0,0.0,0.0,0.0
275,1,0.0,0.0,0.0,0.0,6.0
275,4,0.0,0.0,0.0,0.0,0.0
276,0,0.0,6.0,0.0,0.0,0.0
276,1,0.0,0.0,0.0,0.0,6.0
276,4,0.0,0.0,0.0,0.0,0.0
277,0,0.0,6.0,0.0,0.0,0.0
277,1,0.0,0.0,0.0,0.0,6.0
277,4,0.0,0.0,0.0,0.0,0.0
278,0,0.0,6.0,0.0,0.0,0.0
278,1,0.0,0.0,0.0,0.0,6.0
278,4,0.0,0.0,0.0,0.0,0.0
279,0,0.0,6.0,0.0,0.0,0.0
279,1,0.0,0.0,0.0,0.0,6.0
279,4,0.0,0.0,0.0,0.0,0.0
280,0,0.0,6.0,0.0,0.0,0.0
280,1,0.0,0.0,0.0,0.0,6.0
280,4,0.0,0.0,0.0,0.0,0.0
281,0,0.0,6.0,0.0,0.0,0.0
281,1,0.0,0.0,0.0,0.0,6.0
281,4,0.0,0.0,0.0,0.0,0.0
282,0,0.0,6.0,0.0,0.0,0.0
282,1,0.0,0.0,0.0,0.0,6.0
282,4,0.0,0.0,0.0,0.0,0.0
283,0,0.0,6.0,0.0,0.0,0.0
283,1,0.0,0.0,0.0,0.0,6.0
283,4,0.0,0.0,0.0,0.0,0.0
284,0,0.0,6.0,0.0,0.0,0.0
284,1,0.0,0.0,0.0,0.0,6.0
284,4,0.0,0.0,0.0,0.0,0.0
285,0,0.0,6.0,0.0,0.0,0.0
285,1,0.0,0.0,0.0,0.0,6.0
285,4,0.0,0.0,0.0,0.0,0.0
286,0,0.0,6.0,0.0,0.0,0.0
286,1,0.0,0.0,0.0,0.0,6.0
286,4,0.0,0.0,0.0,0.0,0.0
287,0,0.0,6.0,0.0,0.0,0.0
287,1,0.0,0.0,0.0,0.0,6.0
287,4,0.0,0.0,0.0,0.0,0.0
288,0,0.0,6.0,0.0,0.0,0.0
288,1,0.0,0.0,0.0,0.0,6.0
288,4,0.0,0.0,0.0,0.0,0.0
289,0,0.0,6.0,0.0,0.0,0.0
289,1,0.0,0.0,0.0,0.0,6.0
289,4,0.0,0.0,0.0,0.0,0.0
290,0,0.0,6.0,0.0,0.0,0.0
290,1,0.0,0.0,0.0,0.0,6.0
290,4,0.0,0.0,0.0,0.0,0.0
291,0,0.0,6.0,0.0,0.0,0.0
291,1,0.0,0.0,0.0,0.0,6.0
291,4,0.0,0.0,0.0,0.0,0.0
292,0,0.0,6.0,0.0,0.0,0.0
292,1,0.0,0.0,0.0,0.0,6.0
292,4,0.0,0.0,0.0,0.0,0.0
293,0,0.0,6.0,0.0,0.0,0.0
293,1,0.0,0.0,0.0,0.0,6.0
293,4,0.0,0.0,0.0,0.0,0.0
294,0,0.0,6.0,0.0,0.0,0.0
294,1,0.0,0.0,0.0,0.0,6.0
294,4,0.0,0.0,0.0,0.0,0.0
295,0,0.0,6.0,0.0,0.0,0.0
295,1,0.0,0.0,0.0,0.0,6.0
295,4,0.0,0.0,0.0,0.0,0.0
296,0,0.0,6.0,0.0,0.0,0.0
296,1,0.0,0.0,0.0,0.0,6.0
296,4,0.0,0.0,0.0,0.0,0.0
297,0,0.0,6.0,0.0,0.0,0.0
297,1,0.0,0.0,0.0,0.0,6.0
297,4,0.0,0.0,0.0,0.0,0.0
298,0,0.0,6.0,0.0,0.0,0.0
298,1,0.0,0.0,0.0,0.0,6.0
298,4,0.0,0.0,0.0,0.0,0.0
299,0,0.0,6.0,0.0,0.0,0.0
299,1,0.0,0.0,0.0,0.0,6.0
299,4,0.0,0.0,0.0,0.0,0.0
300,0,0.0,6.0,0.0,0.0,0.0
300,1,0.0,0.0,0.0,0.0,6.0
300,4,0.0,0.0,0.0,0.0,0.0
301,0,0.0,6.0,0.0,0.0,0.0
301,1,0.0,0.0,0.0,0.0,6.0
301,4,0.0,0.0,0.0,0.0,0.0
302,0,0.0,6.0,0.0,0.0,0.0
302,1,0.0,0.0,0.0,0.0,6.0
302,4,0.0,0.0,0.0,0.0,0.0
303,0,0.0,6.0,0.0,0.0,0.0
303,1,0.0,0.0,0.0,0.0,6.0
303,4,0.0,0.0,0.0,0.0,0.0
304,0,0.0,6.0,0.0,0.0,0.0
304,1,0.0,0.0,0.0,0.0,6.0
304,4,0.0,0.0,0.0,0.0,0.0
305,0,0.0,6.0,0.0,0.0,0.0
305,1,0.0,0.0,0.0,0.0,6.0
305,4,0.0,0.0,0.0,0.0,0.0
306,0,0.0,6.0,0.0,0.0,0.0
306,1,0.0,0.0,0.0,0.0,6.0
306,4,0.0,0.0,0.0,0.0,0.0
307,0,0.0,6.0,0.0,0.0,0.0
307,1,0.0,0.0,0.0,0.0,6.0
307,4,0.0,0.0,0.0,0.0,0.0
308,0,0.0,6.0,0.0,0.0,0.0
308,1,0.0,0.0,0.0,0.0,6.0
308,4,0.0,0.0,0.0,0.0,0.0
309,0,0.0,6.0,0.0,0.0,0.0
309,1,0.0,0.0,0.0,0.0,6.0
309,4,0.0,0.0,0.0,0.0,0.0
310,0,0.0,6.0,0.0,0.0,0.0
310,1,0.0,0.0,0.0,0.0,6.0
310,4,0.0,0.0,0.0,0.0,0.0
311,0,0.0,6.0,0.0,0.0,0.0
311,1,0.0,0.0,0.0,0.0,6.0
311,4,0.0,0.0,0.0,0.0,0.0
312,0,0.0,6.0,0.0,0.0,0.0
312,1,0.0,0.0,0.0,0.0,6.0
312,4,0.0,0.0,0.0,0.0,0.0
313,0,0.0,6.0,0.0,0.0,0.0
313,1,0.0,0.0,0.0,0.0,6.0
313,4,0.0,0.0,0.0,0.0,0.0
314,0,0.0,6.0,0.0,0.0,0.0
314,1,0.0,0.0,0.0,0.0,6.0
314,4,0.0,0.0,0.0,0.0,0.0
315,0,0.0,6.0,0.0,0.0,0.0
315,1,0.0,0.0,0.0,0.0,6.0
315,4,0.0,0.0,0.0,0.0,0.0
316,0,0.0,6.0,0.0,0.0,0.0
316,1,0.0,0.0,0.0,0.0,6.0
316,4,0.0,0.0,0.0,0.0,0.0
317,0,0.0,6.0,0.0,0.0,0.0
317,1,0.0,0.0,0.0,0.0,6.0
317,4,0.0,0.0,0.0,0.0,0.0
318,0,0.0,6.0,0.0,0.0,0.0
318,1,0.0,0.0,0.0,0.0,6.0
318,4,0.0,0.0,0.0,0.0,0.0
319,0,0.0,6.0,0.0,0.0,0.0
319,1,0.0,0.0,0.0,0.0,6.0
319,4,0.0,0.0,0.0,0.0,0.0
320,0,0.0,6.0,0.0,0.0,0.0
320,1,0.0,0.0,0.0,0.0,6.0
320,4,0.0,0.0,0.0,0.0,0.0
321,0,0.0,6.0,0.0,0.0,0.0
321,1,0.0,0.0,0.0,0.0,6.0
321,4,0.0,0.0,0.0,0.0,0.0
322,0,0.0,6.0,0.0,0.0,0.0
322,1,0.0,0.0,0.0,0.0,6.0
322,4,0.0,0.0,0.0,0.0,0.0
323,0,0.0,6.0,0.0,0.0,0.0
323,1,0.0,0.0,0.0,0.0,6.0
323,4,0.0,0.0,0.0,0.0,0.0
324,0,0.0,6.0,0.0,0.0,0.0
324,1,0.0,0.0,0.0,0.0,6.0
324,4,0.0,0.0,0.0,0.0,0.0
325,0,0.0,6.0,0.0,0.0,0.0
325,1,0.0,0.0,0.0,0.0,6.0
325,4,0.0,0.0,0.0,0.0,0.0
326,0,0.0,6.0,0.0,0.0,0.0
326,1,0.0,0.0,0.0,0.0,6.0
326,4,0.0,0.0,0.0,0.0,0.0
327,0,0.0,6.0,0.0,0.0,0.0
327,1,0.0,0.0,0.0,0.0,6.0
327,4,0.0,0.0,0.0,0.0,0.0
328,0,0.0,6.0,0.0,0.0,0.0
328,1,0.0,0.0,0.0,0.0,6.0
328,4,0.0,0.0,0.0,0.0,0.0
329,0,0.0,6.0,0.0,0.0,0.0
329,1,0.0,0.0,0.0,0.0,6.0
329,4,0.0,0.0,0.0,0.0,0.0
330,0,0.0,6.0,0.0,0.0,0.0
330,1,0.0,0.0,0.0,0.0,6.0
330,4,0.0,0.0,0.0,0.0,0.0
331,0,0.0,6.0,0.0,0.0,0.0
331,1,0.0,0.0,0.0,0.0,6.0
331,4,0.0,0.0,0.0,0.0,0.0
332,0,0.0,6.0,0.0,0.0,0.0
332,1,0.0,0.0,0.0,0.0,6.0
332,4,0.0,0.0,0.0,0.0,0.0
333,0,0.0,6.0,0.0,0.0,0.0
333,1,0.0,0.0,0.0,0.0,6.0
333,4,0.0,0.0,0.0,0.0,0.0
334,0,0.0,6.0,0.0,0.0,0.0
334,1,0.0,0.0,0.0,0.0,6.0
334,4,0.0,0.0,0.0,0.0,0.0
335,0,0.0,6.0,0.0,0.0,0.0
335,1,0.0,0.0,0.0,0.0,6.0
335,4,0.0,0.0,0.0,0.0,0.0
336,0,0.0,6.0,0.0,0.0,0.0
336,1,0.0,0.0,0.0,0.0,6.0
336,4,0.0,0.0,0.0,0.0,0.0
337,0,0.0,6.0,0.0,0.0,0.0
337,1,0.0,0.0,0.0,0.0,6.0
337,4,0.0,0.0,0.0,0.0,0.0
338,0,0.0,6.0,0.0,0.0,0.0
338,1,0.0,0.0,0.0,0.0,6.0
338,4,0.0,0.0,0.0,0.0,0.0
339,0,0.0,6.0,0.0,0.0,0.0
339,1,0.0,0.0,0.0,0.0,6.0
339,4,0.0,0.0,0.0,0.0,0.0
340,0,0.0,6.0,0.0,0.0,0.0
340,1,0.0,0.0,0.0,0.0,6.0
340,4,0.0,0.0,0.0,0.0,0.0
341,0,0.0,6.0,0.0,0.0,0.0
341,1,0.0,0.0,0.0,0.0,6.0
341,4,0.0,0.0,0.0,0.0,0.0
342,0,0.0,6.0,0.0,0.0,0.0
342,1,0.0,0.0,0.0,0.0,6.0
342,4,0.0,0.0,0.0,0.0,0.0
343,0,0.0,6.0,0.0,0.0,0.0
343,1,0.0,0.0,0.0,0.0,6.0
343,4,0.0,0.0,0.0,0.0,0.0
344,0,0.0,6.0,0.0,0.0,0.0
344,1,0.0,0.0,0.0,0.0,6.0
344,4,0.0,0.0,0.0,0.0,0.0
345,0,0.0,6.0,0.0,0.0,0.0
345,1,0.0,0.0,0.0,0.0,6.0
345,4,0.0,0.0,0.0,0.0,0.0
346,0,0.0,6.0,0.0,0.0,0.0
346,1,0.0,0.0,0.0,0.0,6.0
346,4,0.0,0.0,0.0,0.0,0.0
347,0,0.0,6.0,0.0,0.0,0.0
347,1,0.0,0.0,0.0,0.0,6.0
347,4,0.0,0.0,0.0,0.0,0.0
348,0,0.0,6.0,0.0,0.0,0.0
348,1,0.0,0.0,0.0,0.0,6.0
348,4,0.0,0.0,0.0,0.0,0.0
349,0,0.0,6.0,0.0,0.0,0.0
349,1,0.0,0.0,0.0,0.0,6.0
349,4,0.0,0.0,0.0,0.0,0.0
350,0,0.0,6.0,0.0,0.0,0.0
350,1,0.0,0.0,0.0,0.0,6.0
350,4,0.0,0.0,0.0,0.0,0.0
351,0,0.0,6.0,0.0,0.0,0.0
351,1,0.0,0.0,0.0,0.0,6.0
351,4,0.0,0.0,0.0,0.0,0.0
352,0,0.0,6.0,0.0,0.0,0.0
352,1,0.0,0.0,0.0,0.0,6.0
352,4,0.0,0.0,0.0,0.0,0.0
353,0,0.0,6.0,0.0,0.0,0.0
353,1,0.0,0.0,0.0,0.0,6.0
353,4,0.0,0.0,0.0,0.0,0.0
354,0,0.0,6.0,0.0,0.0,0.0
354,1,0.0,0.0,0.0,0.0,6.0
354,4,0.0,0.0,0.0,0.0,0.0
355,0,0.0,6.0,0.0,0.0,0.0
355,1,0.0,0.0,0.0,0.0,6.0
355,4,0.0,0.0,0.0,0.0,0.0
356,0,0.0,6.0,0.0,0.0,0.0
356,1,0.0,0.0,0.0,0.0,6.0
356,4,0.0,0.0,0.0,0.0,0.0
357,0,0.0,6.0,0.0,0.0,0.0
357,1,0.0,0.0,0.0,0.0,6.0
357,4,0.0,0.0,0.0,0.0,0.0
358,0,0.0,6.0,0.0,0.0,0.0
358,1,0.0,0.0,0.0,0.0,6.0
358,4,0.0,0.0,0.0,0.0,0.0
359,0,0.0,6.0,0.0,0.0,0.0
359,1,0.0,0.0,0.0,0.0,6.0
359,4,0.0,0.0,0.0,0.0,0.0
360,0,0.0,6.0,0.0,0.0,0.0
360,1,0.0,0.0,0.0,0.0,6.0
360,4,0.0,0.0,0.0,0.0,0.0
361,0,0.0,6.0,0.0,0.0,0.0
361,1,0.0,0.0,0.0,0.0,6.0
361,4,0.0,0.0,0.0,0.0,0.0
362,0,0.0,6.0,0.0,0.0,0.0
362,1,0.0,0.0,0.0,0.0,6.0
362,4,0.0,0.0,0.0,0.0,0.0
363,0,0.0,6.0,0.0,0.0,0.0
363,1,0.0,0.0,0.0,0.0,6.0
363,4,0.0,0.0,0.0,0.0,0.0
364,0,0.0,6.0,0.0,0.0,0.0
364,1,0.0,0.0,0.0,0.0,6.0
364,4,0.0,0.0,0.0,0.0,0.0
365,0,0.0,6.0,0.0,0.0,0.0
365,1,0.0,0.0,0.0,0.0,6.0
365,4,0.0,0.0,0.0,0.0,0.0
366,0,0.0,6.0,0.0,0.0,0.0
366,1,0.0,0.0,0.0,0.0,6.0
366,4,0.0,0.0,0.0,0.0,0.0
367,0,0.0,6.0,0.0,0.0,0.0
367,1,0.0,0.0,0.0,0.0,6.0
367,4,0.0,0.0,0.0,0.0,0.0
368,0,0.0,6.0,0.0,0.0,0.0
368,1,0.0,0.0,0.0,0.0,6.0
368,4,0.0,0.0,0.0,0.0,0.0
369,0,0.0,6.0,0.0,0.0,0.0
369,1,0.0,0.0,0.0,0.0,6.0
369,4,0.0,0.0,0.0,0.0,0.0
370,0,0.0,6.0,0.0,0.0,0.0
370,1,0.0,0.0,0.0,0.0,6.0
370,4,0.0,0.0,0.0,0.0,0.0
371,0,0.0,6.0,0.0,0.0,0.0
371,1,0.0,0.0,0.0,0.0,6.0
371,4,0.0,0.0,0.0,0.0,0.0
372,0,0.0,6.0,0.0,0.0,0.0
372,1,0.0,0.0,0.0,0.0,6.0
372,4,0.0,0.0,0.0,0.0,0.0
373,0,0.0,6.0,0.0,0.0,0.0
373,1,0.0,0.0,0.0,0.0,6.0
373,4,0.0,0.0,0.0,0.0,0.0
374,0,0.0,6.0,0.0,0.0,0.0
374,1,0.0,0.0,0.0,0.0,6.0
374,4,0.0,0.0,0.0,0.0,0.0
375,0,0.0,6.0,0.0,0.0,0.0
375,1,0.0,0.0,0.0,0.0,6.0
375,4,0.0,0.0,0.0,0.0,0.0
376,0,0.0,6.0,0.0,0.0,0.0
376,1,0.0,0.0,0.0,0.0,6.0
376,4,0.0,0.0,0.0,0.0,0.0
377,0,0.0,6.0,0.0,0.0,0.0
377,1,0.0,0.0,0.0,0.0,6.0
377,4,0.0,0.0,0.0,0.0,0.0
378,0,0.0,6.0,0.0,0.0,0.0
378,1,0.0,0.0,0.0,0.0,6.0
378,4,0.0,0.0,0.0,0.0,0.0
379,0,0.0,6.0,0.0,0.0,0.0
379,1,0.0,0.0,0.0,0.0,6.0
379,4,0.0,0.0,0.0,0.0,0.0
380,0,0.0,6.0,0.0,0.0,0.0
380,1,0.0,0.0,0.0,0.0,6.0
380,4,0.0,0.0,0.0,0.0,0.0
381,0,0.0,6.0,0.0,0.0,0.0
381,1,0.0,0.0,0.0,0.0,6.0
381,4,0.0,0.0,0.0,0.0,0.0
382,0,0.0,6.0,0.0,0.0,0.0
382,1,0.0,0.0,0.0,0.0,6.0
382,4,0.0,0.0,0.0,0.0,0.0
383,0,0.0,6.0,0.0,0.0,0.0
383,1,0.0,0.0,0.0,0.0,6.0
383,4,0.0,0.0,0.0,0.0,0.0
384,0,0.0,6.0,0.0,0.0,0.0
384,1,0.0,0.0,0.0,0.0,6.0
384,4,0.0,0.0,0.0,0.0,0.0
385,0,0.0,6.0,0.0,0.0,0.0
385,1,0.0,0.0,0.0,0.0,6.0
385,4,0.0,0.0,0.0,0.0,0.0
386,0,0.0,6.0,0.0,0.0,0.0
386,1,0.0,0.0,0.0,0.0,6.0
386,4,0.0,0.0,0.0,0.0,0.0
387,0,0.0,6.0,0.0,0.0,0.0
387,1,0.0,0.0,0.0,0.0,6.0
387,4,0.0,0.0,0.0,0.0,0.0
388,0,0.0,6.0,0.0,0.0,0.0
388,1,0.0,0.0,0.0,0.0,6.0
388,4,0.0,0.0,0.0,0.0,0.0
389,0,0.0,6.0,0.0,0.0,0.0
389,1,0.0,0.0,0.0,0.0,6.0
389,4,0.0,0.0,0.0,0.0,0.0
390,0,0.0,6.0,0.0,0.0,0.0
390,1,0.0,0.0,0.0,0.0,6.0
390,4,0.0,0.0,0.0,0.0,0.0
391,0,0.0,6.0,0.0,0.0,0.0
391,1,0.0,0.0,0.0,0.0,6.0
391,4,0.0,0.0,0.0,0.0,0.0
392,0,0.0,6.0,0.0,0.0,0.0
392,1,0.0,0.0,0.0,0.0,6.0
392,4,0.0,0.0,0.0,0.0,0.0
393,0,0.0,6.0,0.0,0.0,0.0
393,1,0.0,0.0,0.0,0.0,6.0
393,4,0.0,0.0,0.0,0.0,0.0
394,0,0.0,6.0,0.0,0.0,0.0
394,1,0.0,0.0,0.0,0.0,6.0
394,4,0.0,0.0,0.0,0.0,0.0
395,0,0.0,6.0,0.0,0.0,0.0
395,1,0.0,0.0,0.0,0.0,6.0
395,4,0.0,0.0,0.0,0.0,0.0
396,0,0.0,6.0,0.0,0.0,0.0
396,1,0.0,0.0,0.0,0.0,6.0
396,4,0.0,0.0,0.0,0.0,0.0
397,0,0.0,6.0,0.0,0.0,0.0
397,1,0.0,0.0,0.0,0.0,6.0
397,4,0.0,0.0,0.0,0.0,0.0
398,0,0.0,6.0,0.0,0.0,0.0
398,1,0.0,0.0,0.0,0.0,6.0
398,4,0.0,0.0,0.0,0.0,0.0
399,0,0.0,6.0,0.0,0.0,0.0
399,1,0.0,0.0,0.0,0.0,6.0
399,4,0.0,0.0,0.0,0.0,0.0
400,0,0.0,6.0,0.0,0.0,0.0
400,1,0.0,0.0,0.0,0.0,6.0
400,4,0.0,0.0,0.0,0.0,0.0
401,0,0.0,6.0,0.0,0.0,0.0
401,1,0.0,0.0,0.0,0.0,6.0
401,4,0.0,0.0,0.0,0.0,0.0
402,0,0.0,6.0,0.0,0.0,0.0
402,1,0.0,0.0,0.0,0.0,6.0
402,4,0.0,0.0,0.0,0.0,0.0
403,0,0.0,6.0,0.0,0.0,0.0
403,1,0.0,0.0,0.0,0.0,6.0
403,4,0.0,0.0,0.0,0.0,0.0
404,0,0.0,6.0,0.0,0.0,0.0
404,1,0.0,0.0,0.0,0.0,6.0
404,4,0.0,0.0,0.0,0.0,0.0
405,0,0.0,6.0,0.0,0.0,0.0
405,1,0.0,0.0,0.0,0.0,6.0
405,4,0.0,0.0,0.0,0.0,0.0
406,0,0.0,6.0,0.0,0.0,0.0
406,1,0.0,0.0,0.0,0.0,6.0
406,4,0.0,0.0,0.0,0.0,0.0
407,0,0.0,6.0,0.0,0.0,0.0
407,1,0.0,0.0,0.0,0.0,6.0
407,4,0.0,0.0,0.0,0.0,0.0
408,0,0.0,6.0,0.0,0.0,0.0
408,1,0.0,0.0,0.0,0.0,6.0
408,4,0.0,0.0,0.0,0.0,0.0
409,0,0.0,6.0,0.0,0.0,0.0
409,1,0.0,0.0,0.0,0.0,6.0
409,4,0.0,0.0,0.0,0.0,0.0
410,0,0.0,6.0,0.0,0.0,0.0
410,1,0.0,0.0,0.0,0.0,6.0
410,4,0.0,0.0,0.0,0.0,0.0
411,0,0.0,6.0,0.0,0.0,0.0
411,1,0.0,0.0,0.0,0.0,6.0
411,4,0.0,0.0,0.0,0.0,0.0
412,0,0.0,6.0,0.0,0.0,0.0
412,1,0.0,0.0,0.0,0.0,6.0
412,4,0.0,0.0,0.0,0.0,0.0
413,0,0.0,6.0,0.0,0.0,0.0
413,1,0.0,0.0,0.0,0.0,6.0
413,4,0.0,0.0,0.0,0.0,0.0
414,0,0.0,6.0,0.0,0.0,0.0
414,1,0.0,0.0,0.0,0.0,6.0
414,4,0.0,0.0,0.0,0.0,0.0
415,0,0.0,6.0,0.0,0.0,0.0
415,1,0.0,0.0,0.0,0.0,6.0
415,4,0.0,0.0,0.0,0.0,0.0
416,0,0.0,6.0,0.0,0.0,0.0
416,1,0.0,0.0,0.0,0.0,6.0
416,4,0.0,0.0,0.0,0.0,0.0
417,0,0.0,6.0,0.0,0.0,0.0
417,1,0.0,0.0,0.0,0.0,6.0
417,4,0.0,0.0,0.0,0.0,0.0
418,0,0.0,6.0,0.0,0.0,0.0
418,1,0.0,0.0,0.0,0.0,6.0
418,4,0.0,0.0,0.0,0.0,0.0
419,0,0.0,6.0,0.0,0.0,0.0
419,1,0.0,0.0,0.0,0.0,6.0
419,4,0.0,0.0,0.0,0.0,0.0
420,0,0.0,6.0,0.0,0.0,0.0
420,1,0.0,0.0,0.0,0.0,6.0
420,4,0.0,0.0,0.0,0.0,0.0
421,0,0.0,6.0,0.0,0.0,0.0
421,1,0.0,0.0,0.0,0.0,6.0
421,4,0.0,0.0,0.0,0.0,0.0
422,0,0.0,6.0,0.0,0.0,0.0
422,1,0.0,0.0,0.0,0.0,6.0
422,4,0.0,0.0,0.0,0.0,0.0
423,0,0.0,6.0,0.0,0.0,0.0
423,1,0.0,0.0,0.0,0.0,6.0
423,4,0.0,0.0,0.0,0.0,0.0
424,0,0.0,6.0,0.0,0.0,0.0
424,1,0.0,0.0,0.0,0.0,6.0
424,4,0.0,0.0,0.0,0.0,0.0
425,0,0.0,6.0,0.0,0.0,0.0
425,1,0.0,0.0,0.0,0.0,6.0
425,4,0.0,0.0,0.0,0.0,0.0
426,0,0.0,6.0,0.0,0.0,0.0
426,1,0.0,0.0,0.0,0.0,6.0
426,4,0.0,0.0,0.0,0.0,0.0
427,0,0.0,6.0,0.0,0.0,0.0
427,1,0.0,0.0,0.0,0.0,6.0
427,4,0.0,0.0,0.0,0.0,0.0
428,0,0.0,6.0,0.0,0.0,0.0
428,1,0.0,0.0,0.0,0.0,6.0
428,4,0.0,0.0,0.0,0.0,0.0
429,0,0.0,6.0,0.0,0.0,0.0
429,1,0.0,0.0,0.0,0.0,6.0
429,4,0.0,0.0,0.0,0.0,0.0
430,0,0.0,6.0,0.0,0.0,0.0
430,1,0.0,0.0,0.0,0.0,6.0
430,4,0.0,0.0,0.0,0.0,0.0
431,0,0.0,6.0,0.0,0.0,0.0
431,1,0.0,0.0,0.0,0.0,6.0
431,4,0.0,0.0,0.0,0.0,0.0
432,0,0.0,6.0,0.0,0.0,0.0
432,1,0.0,0.0,0.0,0.0,6.0
432,4,0.0,0.0,0.0,0.0,0.0
433,0,0.0,6.0,0.0,0.0,0.0
433,1,0.0,0.0,0.0,0.0,6.0
433,4,0.0,0.0,0.0,0.0,0.0
434,0,0.0,6.0,0.0,0.0,0.0
434,1,0.0,0.0,0.0,0.0,6.0
434,4,0.0,0.0,0.0,0.0,0.0
435,0,0.0,6.0,0.0,0.0,0.0
435,1,0.0,0.0,0.0,0.0,6.0
435,4,0.0,0.0,0.0,0.0,0.0
436,0,0.0,6.0,0.0,0.0,0.0
436,1,0.0,0.0,0.0,0.0,6.0
436,4,0.0,0.0,0.0,0.0,0.0
437,0,0.0,6.0,0.0,0.0,0.0
437,1,0.0,0.0,0.0,0.0,6.0
437,4,0.0,0.0,0.0,0.0,0.0
438,0,0.0,6.0,0.0,0.0,0.0
438,1,0.0,0.0,0.0,0.0,6.0
438,4,0.0,0.0,0.0,0.0,0.0
439,0,0.0,6.0,0.0,0.0,0.0
439,1,0.0,0.0,0.0,0.0,6.0
439,4,0.0,0.0,0.0,0.0,0.0
440,0,0.0,6.0,0.0,0.0,0.0
440,1,0.0,0.0,0.0,0.0,6.0
440,4,0.0,0.0,0.0,0.0,0.0
441,0,0.0,6.0,0.0,0.0,0.0
441,1,0.0,0.0,0.0,0.0,6.0
441,4,0.0,0.0,0.0,0.0,0.0
442,0,0.0,6.0,0.0,0.0,0.0
442,1,0.0,0.0,0.0,0.0,6.0
442,4,0.0,0.0,0.0,0.0,0.0
443,0,0.0,6.0,0.0,0.0,0.0
443,1,0.0,0.0,0.0,0.0,6.0
443,4,0.0,0.0,0.0,0.0,0.0
444,0,0.0,6.0,0.0,0.0,0.0
444,1,0.0,0.0,0.0,0.0,6.0
444,4,0.0,0.0,0.0,0.0,0.0
445,0,0.0,6.0,0.0,0.0,0.0
445,1,0.0,0.0,0.0,0.0,6.0
445,4,0.0,0.0,0.0,0.0,0.0
446,0,0.0,6.0,0.0,0.0,0.0
446,1,0.0,0.0,0.0,0.0,6.0
446,4,0.0,0.0,0.0,0.0,0.0
447,0,0.0,6.0,0.0,0.0,0.0
447,1,0.0,0.0,0.0,0.0,6.0
447,4,0.0,0.0,0.0,0.0,0.0
448,0,0.0,6.0,0.0,0.0,0.0
448,1,0.0,0.0,0.0,0.0,6.0
448,4,0.0,0.0,0.0,0.0,0.0
449,0,0.0,6.0,0.0,0.0,0.0
449,1,0.0,0.0,0.0,0.0,6.0
449,4,0.0,0.0,0.0,0.0,0.0
450,0,0.0,6.0,0.0,0.0,0.0
450,1,0.0,0.0,0.0,0.0,6.0
450,4,0.0,0.0,0.0,0.0,0.0
451,0,0.0,6.0,0.0,0.0,0.0
451,1,0.0,0.0,0.0,0.0,6.0
451,4,0.0,0.0,0.0,0.0,0.0
452,0,0.0,6.0,0.0,0.0,0.0
452,1,0.0,0.0,0.0,0.0,6.0
452,4,0.0,0.0,0.0,0.0,0.0
453,0,0.0,6.0,0.0,0.0,0.0
453,1,0.0,0.0,0.0,0.0,6.0
453,4,0.0,0.0,0.0,0.0,0.0
454,0,0.0,6.0,0.0,0.0,0.0
454,1,0.0,0.0,0.0,0.0,6.0
454,4,0.0,0.0,0.0,0.0,0.0
455,0,0.0,6.0,0.0,0.0,0.0
455,1,0.0,0.0,0.0,0.0,6.0
455,4,0.0,0.0,0.0,0.0,0.0
456,0,0.0,6.0,0.0,0.0,0.0
456,1,0.0,0.0,0.0,0.0,6.0
456,4,0.0,0.0,0.0,0.0,0.0
457,0,0.0,6.0,0.0,0.0,0.0
457,1,0.0,0.0,0.0,0.0,6.0
457,4,0.0,0.0,0.0,0.0,0.0
458,0,0.0,6.0,0.0,0.0,0.0
458,1,0.0,0.0,0.0,0.0,6.0
458,4,0.0,0.0,0.0,0.0,0.0
459,0,0.0,6.0,0.0,0.0,0.0
459,1,0.0,0.0,0.0,0.0,6.0
459,4,0.0,0.0,0.0,0.0,0.0
460,0,0.0,6.0,0.0,0.0,0.0
460,1,0.0,0.0,0.0,0.0,6.0
460,4,0.0,0.0,0.0,0.0,0.0
461,0,0.0,6.0,0.0,0.0,0.0
461,1,0.0,0.0,0.0,0.0,6.0
461,4,0.0,0.0,0.0,0.0,0.0
462,0,0.0,6.0,0.0,0.0,0.0
462,1,0.0,0.0,0.0,0.0,6.0
462,4,0.0,0.0,0.0,0.0,0.0
463,0,0.0,6.0,0.0,0.0,0.0
463,1,0.0,0.0,0.0,0.0,6.0
463,4,0.0,0.0,0.0,0.0,0.0
464,0,0.0,6.0,0.0,0.0,0.0
464,1,0.0,0.0,0.0,0.0,6.0
464,4,0.0,0.0,0.0,0.0,0.0
465,0,0.0,6.0,0.0,0.0,0.0
465,1,0.0,0.0,0.0,0.0,6.0
465,4,0.0,0.0,0.0,0.0,0.0
466,0,0.0,6.0,0.0,0.0,0.0
466,1,0.0,0.0,0.0,0.0,6.0
466,4,0.0,0.0,0.0,0.0,0.0
467,0,0.0,6.0,0.0,0.0,0.0
467,1,0.0,0.0,0.0,0.0,6.0
467,4,0.0,0.0,0.0,0.0,0.0
468,0,0.0,6.0,0.0,0.0,0.0
468,1,0.0,0.0,0.0,0.0,6.0
468,4,0.0,0.0,0.0,0.0,0.0
469,0,0.0,6.0,0.0,0.0,0.0
469,1,0.0,0.0,0.0,0.0,6.0
469,4,0.0,0.0,0.0,0.0,0.0
470,0,0.0,6.0,0.0,0.0,0.0
470,1,0.0,0.0,0.0,0.0,6.0
470,4,0.0,0.0,0.0,0.0,0.0
471,0,0.0,6.0,0.0,0.0,0.0
471,1,0.0,0.0,0.0,0.0,6.0
471,4,0.0,0.0,0.0,0.0,0.0
472,0,0.0,6.0,0.0,0.0,0.0
472,1,0.0,0.0,0.0,0.0,6.0
472,4,0.0,0.0,0.0,0.0,0.0
473,0,0.0,6.0,0.0,0.0,0.0
473,1,0.0,0.0,0.0,0.0,6.0
473,4,0.0,0.0,0.0,0.0,0.0
474,0,0.0,6.0,0.0,0.0,0.0
474,1,0.0,0.0,0.0,0.0,6.0
474,4,0.0,0.0,0.0,0.0,0.0
475,0,0.0,6.0,0.0,0.0,0.0
475,1,0.0,0.0,0.0,0.0,6.0
475,4,0.0,0.0,0.0,0.0,0.0
476,0,0.0,6.0,0.0,0.0,0.0
476,1,0.0,0.0,0.0,0.0,6.0
476,4,0.0,0.0,0.0,0.0,0.0
477,0,0.0,6.0,0.0,0.0,0.0
477,1,0.0,0.0,0.0,0.0,6.0
477,4,0.0,0.0,0.0,0.0,0.0
478,0,0.0,6.0,0.0,0.0,0.0
478,1,0.0,0.0,0.0,0.0,6.0
478,4,0.0,0.0,0.0,0.0,0.0
479,0,0.0,6.0,0.0,0.0,0.0
479,1,0.0,0.0,0.0,0.0,6.0
479,4,0.0,0.0,0.0,0.0,0.0
480,0,0.0,6.0,0.0,0.0,0.0
480,1,0.0,0.0,0.0,0.0,6.0
480,4,0.0,0.0,0.0,0.0,0.0
481,0,0.0,6.0,0.0,0.0,0.0
481,1,0.0,0.0,0.0,0.0,6.0
481,4,0.0,0.0,0.0,0.0,0.0
482,0,0.0,6.0,0.0,0.0,0.0
482,1,0.0,0.0,0.0,0.0,6.0
482,4,0.0,0.0,0.0,0.0,0.0
483,0,0.0,6.0,0.0,0.0,0.0
483,1,0.0,0.0,0.0,0.0,6.0
483,4,0.0,0.0,0.0,0.0,0.0
484,0,0.0,6.0,0.0,0.0,0.0
484,1,0.0,0.0,0.0,0.0,6.0
484,4,0.0,0.0,0.0,0.0,0.0
485,0,0.0,6.0,0.0,0.0,0.0
485,1,0.0,0.0,0.0,0.0,6.0
485,4,0.0,0.0,0.0,0.0,0.0
486,0,0.0,6.0,0.0,0.0,0.0
486,1,0.0,0.0,0.0,0.0,6.0
486,4,0.0,0.0,0.0,0.0,0.0
487,0,0.0,6.0,0.0,0.0,0.0
487,1,0.0,0.0,0.0,0.0,6.0
487,4,0.0,0.0,0.0,0.0,0.0
488,0,0.0,6.0,0.0,0.0,0.0
488,1,0.0,0.0,0.0,0.0,6.0
488,4,0.0,0.0,0.0,0.0,0.0
489,0,0.0,6.0,0.0,0.0,0.0
489,1,0.0,0.0,0.0,0.0,6.0
489,4,0.0,0.0,0.0,0.0,0.0
490,0,0.0,6.0,0.0,0.0,0.0
490,1,0.0,0.0,0.0,0.0,6.0
490,4,0.0,0.0,0.0,0.0,0.0
491,0,0.0,6.0,0.0,0.0,0.0
491,1,0.0,0.0,0.0,0.0,6.0
491,4,0.0,0.0,0.0,0.0,0.0
492,0,0.0,6.0,0.0,0.0,0.0
492,1,0.0,0.0,0.0,0.0,6.0
492,4,0.0,0.0,0.0,0.0,0.0
493,0,0.0,6.0,0.0,0.0,0.0
493,1,0.0,0.0,0.0,0.0,6.0
493,4,0.0,0.0,0.0,0.0,0.0
494,0,0.0,6.0,0.0,0.0,0.0
494,1,0.0,0.0,0.0,0.0,6.0
494,4,0.0,0.0,0.0,0.0,0.0
495,0,0.0,6.0,0.0,0.0,0.0
495,1,0.0,0.0,0.0,0.0,6.0
495,4,0.0,0.0,0.0,0.0,0.0
496,0,0.0,6.0,0.0,0.0,0.0
496,1,0.0,0.0,0.0,0.0,6.0
496,4,0.0,0.0,0.0,0.0,0.0
497,0,0.0,6.0,0.0,0.0,0.0
497,1,0.0,0.0,0.0,0.0,6.0
497,4,0.0,0.0,0.0,0.0,0.0
498,0,0.0,6.0,0.0,0.0,0.0
498,1,0.0,0.0,0.0,0.0,6.0
498,4,0.0,0.0,0.0,0.0,0.0
499,0,0.0,6.0,0.0,0.0,0.0
499,1,0.0,0.0,0.0,0.0,6.0
499,4,0.0,0.0,0.0,0.0,0.0
500,0,0.0,6.0,0.0,0.0,0.0
500,1,0.0,0.0,0.0,0.0,6.0
500,4,0.0,0.0,0.0,0.0,0.0
501,0,0.0,6.0,0.0,0.0,0.0
501,1,0.0,0.0,0.0,0.0,6.0
501,4,0.0,0.0,0.0,0.0,0.0
502,0,0.0,6.0,0.0,0.0,0.0
502,1,0.0,0.0,0.0,0.0,6.0
502,4,0.0,0.0,0.0,0.0,0.0
503,0,0.0,6.0,0.0,0.0,0.0
503,1,0.0,0.0,0.0,0.0,6.0
503,4,0.0,0.0,0.0,0.0,0.0
504,0,0.0,6.0,0.0,0.0,0.0
504,1,0.0,0.0,0.0,0.0,6.0
504,4,0.0,0.0,0.0,0.0,0.0
505,0,0.0,6.0,0.0,0.0,0.0
505,1,0.0,0.0,0.0,0.0,6.0
505,4,0.0,0.0,0.0,0.0,0.0
506,0,0.0,6.0,0.0,0.0,0.0
506,1,0.0,0.0,0.0,0.0,6.0
506,4,0.0,0.0,0.0,0.0,0.0
507,0,0.0,6.0,0.0,0.0,0.0
507,1,0.0,0.0,0.0,0.0,6.0
507,4,0.0,0.0,0.0,0.0,0.0
508,0,0.0,6.0,0.0,0.0,0.0
508,1,0.0,0.0,0.0,0.0,6.0
508,4,0.0,0.0,0.0,0.0,0.0
509,0,0.0,6.0,0.0,0.0,0.0
509,1,0.0,0.0,0.0,0.0,6.0
509,4,0.0,0.0,0.0,0.0,0.0
510,0,0.0,6.0,0.0,0.0,0.0
510,1,0.0,0.0,0.0,0.0,6.0
510,4,0.0,0.0,0.0,0.0,0.0
511,0,0.0,6.0,0.0,0.0,0.0
511,1,0.0,0.0,0.0,0.0,6.0
511,4,0.0,0.0,0.0,0.0,0.0
512,0,0.0,6.0,0.0,0.0,0.0
512,1,0.0,0.0,0.0,0.0,6.0
512,4,0.0,0.0,0.0,0.0,0.0
513,0,0.0,6.0,0.0,0.0,0.0
513,1,0.0,0.0,0.0,0.0,6.0
513,4,0.0,0.0,0.0,0.0,0.0
514,0,0.0,6.0,0.0,0.0,0.0
514,1,0.0,0.0,0.0,0.0,6.0
514,4,0.0,0.0,0.0,0.0,0.0
515,0,0.0,6.0,0.0,0.0,0.0
515,1,0.0,0.0,0.0,0.0,6.0
515,4,0.0,0.0,0.0,0.0,0.0
516,0,0.0,6.0,0.0,0.0,0.0
516,1,0.0,0.0,0.0,0.0,6.0
516,4,0.0,0.0,0.0,0.0,0.0
517,0,0.0,6.0,0.0,0.0,0.0
517,1,0.0,0.0,0.0,0.0,6.0
517,4,0.0,0.0,0.0,0.0,0.0
518,0,0.0,6.0,0.0,0.0,0.0
518,1,0.0,0.0,0.0,0.0,6.0
518,4,0.0,0.0,0.0,0.0,0.0
519,0,0.0,6.0,0.0,0.0,0.0
519,1,0.0,0.0,0.0,0.0,6.0
519,4,0.0,0.0,0.0,0.0,0.0
520,0,0.0,6.0,0.0,0.0,0.0
520,1,0.0,0.0,0.0,0.0,6.0
520,4,0.0,0.0,0.0,0.0,0.0
521,0,0.0,6.0,0.0,0.0,0.0
521,1,0.0,0.0,0.0,0.0,6.0
521,4,0.0,0.0,0.0,0.0,0.0
522,0,0.0,6.0,0.0,0.0,0.0
522,1,0.0,0.0,0.0,0.0,6.0
522,4,0.0,0.0,0.0,0.0,0.0
523,0,0.0,6.0,0.0,0.0,0.0
523,1,0.0,0.0,0.0,0.0,6.0
523,4,0.0,0.0,0.0,0.0,0.0
524,0,0.0,6.0,0.0,0.0,0.0
524,1,0.0,0.0,0.0,0.0,6.0
524,4,0.0,0.0,0.0,0.0,0.0
525,0,0.0,6.0,0.0,0.0,0.0
525,1,0.0,0.0,0.0,0.0,6.0
525,4,0.0,0.0,0.0,0.0,0.0
526,0,0.0,6.0,0.0,0.0,0.0
526,1,0.0,0.0,0.0,0.0,6.0
526,4,0.0,0.0,0.0,0.0,0.0
527,0,0.0,6.0,0.0,0.0,0.0
527,1,0.0,0.0,0.0,0.0,6.0
527,4,0.0,0.0,0.0,0.0,0.0
528,0,0.0,6.0,0.0,0.0,0.0
528,1,0.0,0.0,0.0,0.0,6.0
528,4,0.0,0.0,0.0,0.0,0.0
529,0,0.0,6.0,0.0,0.0,0.0
529,1,0.0,0.0,0.0,0.0,6.0
529,4,0.0,0.0,0.0,0.0,0.0
530,0,0.0,6.0,0.0,0.0,0.0
530,1,0.0,0.0,0.0,0.0,6.0
530,4,0.0,0.0,0.0,0.0,0.0
531,0,0.0,6.0,0.0,0.0,0.0
531,1,0.0,0.0,0.0,0.0,6.0
531,4,0.0,0.0,0.0,0.0,0.0
532,0,0.0,6.0,0.0,0.0,0.0
532,1,0.0,0.0,0.0,0.0,6.0
532,4,0.0,0.0,0.0,0.0,0.0
533,0,0.0,6.0,0.0,0.0,0.0
533,1,0.0,0.0,0.0,0.0,6.0
533,4,0.0,0.0,0.0,0.0,0.0
534,0,0.0,6.0,0.0,0.0,0.0
534,1,0.0,0.0,0.0,0.0,6.0
534,4,0.0,0.0,0.0,0.0,0.0
535,0,0.0,6.0,0.0,0.0,0.0
535,1,0.0,0.0,0.0,0.0,6.0
535,4,0.0,0.0,0.0,0.0,0.0
536,0,0.0,6.0,0.0,0.0,0.0
536,1,0.0,0.0,0.0,0.0,6.0
536,4,0.0,0.0,0.0,0.0,0.0
537,0,0.0,6.0,0.0,0.0,0.0
537,1,0.0,0.0,0.0,0.0,6.0
537,4,0.0,0.0,0.0,0.0,0.0
538,0,0.0,6.0,0.0,0.0,0.0
538,1,0.0,0.0,0.0,0.0,6.0
538,4,0.0,0.0,0.0,0.0,0.0
539,0,0.0,6.0,0.0,0.0,0.0
539,1,0.0,0.0,0.0,0.0,6.0
539,4,0.0,0.0,0.0,0.0,0.0
540,0,0.0,6.0,0.0,0.0,0.0
540,1,0.0,0.0,0.0,0.0,6.0
540,4,0.0,0.0,0.0,0.0,0.0
541,0,0.0,6.0,0.0,0.0,0.0
541,1,0.0,0.0,0.0,0.0,6.0
541,4,0.0,0.0,0.0,0.0,0.0
542,0,0.0,6.0,0.0,0.0,0.0
542,1,0.0,0.0,0.0,0.0,6.0
542,4,0.0,0.0,0.0,0.0,0.0
543,0,0.0,6.0,0.0,0.0,0.0
543,1,0.0,0.0,0.0,0.0,6.0
543,4,0.0,0.0,0.0,0.0,0.0
544,0,0.0,6.0,0.0,0.0,0.0
544,1,0.0,0.0,0.0,0.0,6.0
544,4,0.0,0.0,0.0,0.0,0.0
545,0,0.0,6.0,0.0,0.0,0.0
545,1,0.0,0.0,0.0,0.0,6.0
545,4,0.0,0.0,0.0,0.0,0.0
546,0,0.0,6.0,0.0,0.0,0.0
546,1,0.0,0.0,0.0,0.0,6.0
546,4,0.0,0.0,0.0,0.0,0.0
547,0,0.0,6.0,0.0,0.0,0.0
547,1,0.0,0.0,0.0,0.0,6.0
547,4,0.0,0.0,0.0,0.0,0.0
548,0,0.0,6.0,0.0,0.0,0.0
548,1,0.0,0.0,0.0,0.0,6.0
548,4,0.0,0.0,0.0,0.0,0.0
549,0,0.0,6.0,0.0,0.0,0.0
549,1,0.0,0.0,0.0,0.0,6.0
549,4,0.0,0.0,0.0,0.0,0.0
550,0,0.0,6.0,0.0,0.0,0.0
550,1,0.0,0.0,0.0,0.0,6.0
550,4,0.0,0.0,0.0,0.0,0.0
551,0,0.0,6.0,0.0,0.0,0.0
551,1,0.0,0.0,0.0,0.0,6.0
551,4,0.0,0.0,0.0,0.0,0.0
552,0,0.0,6.0,0.0,0.0,0.0
552,1,0.0,0.0,0.0,0.0,6.0
552,4,0.0,0.0,0.0,0.0,0.0
553,0,0.0,6.0,0.0,0.0,0.0
553,1,0.0,0.0,0.0,0.0,6.0
553,4,0.0,0.0,0.0,0.0,0.0
554,0,0.0,6.0,0.0,0.0,0.0
554,1,0.0,0.0,0.0,0.0,6.0
554,4,0.0,0.0,0.0,0.0,0.0
555,0,0.0,6.0,0.0,0.0,0.0
555,1,0.0,0.0,0.0,0.0,6.0
555,4,0.0,0.0,0.0,0.0,0.0
556,0,0.0,6.0,0.0,0.0,0.0
556,1,0.0,0.0,0.0,0.0,6.0
556,4,0.0,0.0,0.0,0.0,0.0
557,0,0.0,6.0,0.0,0.0,0.0
557,1,0.0,0.0,0.0,0.0,6.0
557,4,0.0,0.0,0.0,0.0,0.0
558,0,0.0,6.0,0.0,0.0,0.0
558,1,0.0,0.0,0.0,0.0,6.0
558,4,0.0,0.0,0.0,0.0,0.0
559,0,0.0,6.0,0.0,0.0,0.0
559,1,0.0,0.0,0.0,0.0,6.0
559,4,0.0,0.0,0.0,0.0,0.0
560,0,0.0,6.0,0.0,0.0,0.0
560,1,0.0,0.0,0.0,0.0,6.0
560,4,0.0,0.0,0.0,0.0,0.0
561,0,0.0,6.0,0.0,0.0,0.0
561,1,0.0,0.0,0.0,0.0,6.0
561,4,0.0,0.0,0.0,0.0,0.0
562,0,0.0,6.0,0.0,0.0,0.0
562,1,0.0,0.0,0.0,0.0,6.0
562,4,0.0,0.0,0.0,0.0,0.0
563,0,0.0,6.0,0.0,0.0,0.0
563,1,0.0,0.0,0.0,0.0,6.0
563,4,0.0,0.0,0.0,0.0,0.0
564,0,0.0,6.0,0.0,0.0,0.0
564,1,0.0,0.0,0.0,0.0,6.0
564,4,0.0,0.0,0.0,0.0,0.0
565,0,0.0,6.0,0.0,0.0,0.0
565,1,0.0,0.0,0.0,0.0,6.0
565,4,0.0,0.0,0.0,0.0,0.0
566,0,0.0,6.0,0.0,0.0,0.0
566,1,0.0,0.0,0.0,0.0,6.0
566,4,0.0,0.0,0.0,0.0,0.0
567,0,0.0,6.0,0.0,0.0,0.0
567,1,0.0,0.0,0.0,0.0,6.0
567,4,0.0,0.0,0.0,0.0,0.0
568,0,0.0,6.0,0.0,0.0,0.0
568,1,0.0,0.0,0.0,0.0,6.0
568,4,0.0,0.0,0.0,0.0,0.0
569,0,0.0,6.0,0.0,0.0,0.0
569,1,0.0,0.0,0.0,0.0,6.0
569,4,0.0,0.0,0.0,0.0,0.0
570,0,0.0,6.0,0.0,0.0,0.0
570,1,0.0,0.0,0.0,0.0,6.0
570,4,0.0,0.0,0.0,0.0,0.0
571,0,0.0,6.0,0.0,0.0,0.0
571,1,0.0,0.0,0.0,0.0,6.0
571,4,0.0,0.0,0.0,0.0,0.0
572,0,0.0,6.0,0.0,0.0,0.0
572,1,0.0,0.0,0.0,0.0,6.0
572,4,0.0,0.0,0.0,0.0,0.0
573,0,0.0,6.0,0.0,0.0,0.0
573,1,0.0,0.0,0.0,0.0,6.0
573,4,0.0,0.0,0.0,0.0,0.0
574,0,0.0,6.0,0.0,0.0,0.0
574,1,0.0,0.0,0.0,0.0,6.0
574,4,0.0,0.0,0.0,0.0,0.0
575,0,0.0,6.0,0.0,0.0,0.0
575,1,0.0,0.0,0.0,0.0,6.0
575,4,0.0,0.0,0.0,0.0,0.0
576,0,0.0,6.0,0.0,0.0,0.0
576,1,0.0,0.0,0.0,0.0,6.0
576,4,0.0,0.0,0.0,0.0,0.0
577,0,0.0,6.0,0.0,0.0,0.0
577,1,0.0,0.0,0.0,0.0,6.0
577,4,0.0,0.0,0.0,0.0,0.0
578,0,0.0,6.0,0.0,0.0,0.0
578,1,0.0,0.0,0.0,0.0,6.0
578,4,0.0,0.0,0.0,0.0,0.0
579,0,0.0,6.0,0.0,0.0,0.0
579,1,0.0,0.0,0.0,0.0,6.0
579,4,0.0,0.0,0.0,0.0,0.0
580,0,0.0,6.0,0.0,0.0,0.0
580,1,0.0,0.0,0.0,0.0,6.0
580,4,0.0,0.0,0.0,0.0,0.0
581,0,0.0,6.0,0.0,0.0,0.0
581,1,0.0,0.0,0.0,0.0,6.0
581,4,0.0,0.0,0.0,0.0,0.0
582,0,0.0,6.0,0.0,0.0,0.0
582,1,0.0,0.0,0.0,0.0,6.0
582,4,0.0,0.0,0.0,0.0,0.0
583,0,0.0,6.0,0.0,0.0,0.0
583,1,0.0,0.0,0.0,0.0,6.0
583,4,0.0,0.0,0.0,0.0,0.0
584,0,0.0,6.0,0.0,0.0,0.0
584,1,0.0,0.0,0.0,0.0,6.0
584,4,0.0,0.0,0.0,0.0,0.0
585,0,0.0,6.0,0.0,0.0,0.0
585,1,0.0,0.0,0.0,0.0,6.0
585,4,0.0,0.0,0.0,0.0,0.0
586,0,0.0,6.0,0.0,0.0,0.0
586,1,0.0,0.0,0.0,0.0,6.0
586,4,0.0,0.0,0.0,0.0,0.0
587,0,0.0,6.0,0.0,0.0,0.0
587,1,0.0,0.0,0.0,0.0,6.0
587,4,0.0,0.0,0.0,0.0,0.0
588,0,0.0,6.0,0.0,0.0,0.0
588,1,0.0,0.0,0.0,0.0,6.0
588,4,0.0,0.0,0.0,0.0,0.0
589,0,0.0,6.0,0.0,0.0,0.0
589,1,0.0,0.0,0.0,0.0,6.0
589,4,0.0,0.0,0.0,0.0,0.0
590,0,0.0,6.0,0.0,0.0,0.0
590,1,0.0,0.0,0.0,0.0,6.0
590,4,0.0,0.0,0.0,0.0,0.0
591,0,0.0,6.0,0.0,0.0,0.0
591,1,0.0,0.0,0.0,0.0,6.0
591,4,0.0,0.0,0.0,0.0,0.0
592,0,0.0,6.0,0.0,0.0,0.0
592,1,0.0,0.0,0.0,0.0,6.0
592,4,0.0,0.0,0.0,0.0,0.0
593,0,0.0,6.0,0.0,0.0,0.0
593,1,0.0,0.0,0.0,0.0,6.0
593,4,0.0,0.0,0.0,0.0,0.0
594,0,0.0,6.0,0.0,0.0,0.0
594,1,0.0,0.0,0.0,0.0,6.0
594,4,0.0,0.0,0.0,0.0,0.0
595,0,0.0,6.0,0.0,0.0,0.0
595,1,0.0,0.0,0.0,0.0,6.0
595,4,0.0,0.0,0.0,0.0,0.0
596,0,0.0,6.0,0.0,0.0,0.0
596,1,0.0,0.0,0.0,0.0,6.0
596,4,0.0,0.0,0.0,0.0,0.0
597,0,0.0,6.0,0.0,0.0,0.0
597,1,0.0,0.0,0.0,0.0,6.0
597,4,0.0,0.0,0.0,0.0,0.0
598,0,0.0,6.0,0.0,0.0,0.0
598,1,0.0,0.0,0.0,0.0,6.0
598,4,0.0,0.0,0.0,0.0,0.0
599,0,0.0,6.0,0.0,0.0,0.0
599,1,0.0,0.0,0.0,0.0,6.0
599,4,0.0,0.0,0.0,0.0,0.0
600,0,0.0,6.0,0.0,0.0,0.0
600,1,0.0,0.0,0.0,0.0,6.0
600,4,0.0,0.0,0.0,0.0,0.0
601,0,0.0,6.0,0.0,0.0,0.0
601,1,0.0,0.0,0.0,0.0,6.0
601,4,0.0,0.0,0.0,0.0,0.0
602,0,0.0,6.0,0.0,0.0,0.0
602,1,0.0,0.0,0.0,0.0,6.0
602,4,0.0,0.0,0.0,0.0,0.0
603,0,0.0,6.0,0.0,0.0,0.0
603,1,0.0,0.0,0.0,0.0,6.0
603,4,0.0,0.0,0.0,0.0,0.0
604,0,0.0,6.0,0.0,0.0,0.0
604,1,0.0,0.0,0.0,0.0,6.0
604,4,0.0,0.0,0.0,0.0,0.0
605,0,0.0,6.0,0.0,0.0,0.0
605,1,0.0,0.0,0.0,0.0,6.0
605,4,0.0,0.0,0.0,0.0,0.0
606,0,0.0,6.0,0.0,0.0,0.0
606,1,0.0,0.0,0.0,0.0,6.0
606,4,0.0,0.0,0.0,0.0,0.0
607,0,0.0,6.0,0.0,0.0,0.0
607,1,0.0,0.0,0.0,0.0,6.0
607,4,0.0,0.0,0.0,0.0,0.0
608,0,0.0,6.0,0.0,0.0,0.0
608,1,0.0,0.0,0.0,0.0,6.0
608,4,0.0,0.0,0.0,0.0,0.0
609,0,0.0,6.0,0.0,0.0,0.0
609,1,0.0,0.0,0.0,0.0,6.0
609,4,0.0,0.0,0.0,0.0,0.0
610,0,0.0,6.0,0.0,0.0,0.0
610,1,0.0,0.0,0.0,0.0,6.0
610,4,0.0,0.0,0.0,0.0,0.0
611,0,0.0,6.0,0.0,0.0,0.0
611,1,0.0,0.0,0.0,0.0,6.0
611,4,0.0,0.0,0.0,0.0,0.0
612,0,0.0,6.0,0.0,0.0,0.0
612,1,0.0,0.0,0.0,0.0,6.0
612,4,0.0,0.0,0.0,0.0,0.0
613,0,0.0,6.0,0.0,0.0,0.0
613,1,0.0,0.0,0.0,0.0,6.0
613,4,0.0,0.0,0.0,0.0,0.0
614,0,0.0,6.0,0.0,0.0,0.0
614,1,0.0,0.0,0.0,0.0,6.0
614,4,0.0,0.0,0.0,0.0,0.0
615,0,0.0,6.0,0.0,0.0,0.0
615,1,0.0,0.0,0.0,0.0,6.0
615,4,0.0,0.0,0.0,0.0,0.0
616,0,0.0,6.0,0.0,0.0,0.0
616,1,0.0,0.0,0.0,0.0,6.0
616,4,0.0,0.0,0.0,0.0,0.0
617,0,0.0,6.0,0.0,0.0,0.0
617,1,0.0,0.0,0.0,0.0,6.0
617,4,0.0,0.0,0.0,0.0,0.0
618,0,0.0,6.0,0.0,0.0,0.0
618,1,0.0,0.0,0.0,0.0,6.0
618,4,0.0,0.0,0.0,0.0,0.0
619,0,0.0,6.0,0.0,0.0,0.0
619,1,0.0,0.0,0.0,0.0,6.0
619,4,0.0,0.0,0.0,0.0,0.0
620,0,0.0,6.0,0.0,0.0,0.0
620,1,0.0,0.0,0.0,0.0,6.0
620,4,0.0,0.0,0.0,0.0,0.0
621,0,0.0,6.0,0.0,0.0,0.0
621,1,0.0,0.0,0.0,0.0,6.0
621,4,0.0,0.0,0.0,0.0,0.0
622,0,0.0,6.0,0.0,0.0,0.0
622,1,0.0,0.0,0.0,0.0,6.0
622,4,0.0,0.0,0.0,0.0,0.0
623,0,0.0,6.0,0.0,0.0,0.0
623,1,0.0,0.0,0.0,0.0,6.0
623,4,0.0,0.0,0.0,0.0,0.0
624,0,0.0,6.0,0.0,0.0,0.0
624,1,0.0,0.0,0.0,0.0,6.0
624,4,0.0,0.0,0.0,0.0,0.0
625,0,0.0,6.0,0.0,0.0,0.0
625,1,0.0,0.0,0.0,0.0,6.0
625,4,0.0,0.0,0.0,0.0,0.0
626,0,0.0,6.0,0.0,0.0,0.0
626,1,0.0,0.0,0.0,0.0,6.0
626,4,0.0,0.0,0.0,0.0,0.0
627,0,0.0,6.0,0.0,0.0,0.0
627,1,0.0,0.0,0.0,0.0,6.0
627,4,0.0,0.0,0.0,0.0,0.0
628,0,0.0,6.0,0.0,0.0,0.0
628,1,0.0,0.0,0.0,0.0,6.0
628,4,0.0,0.0,0.0,0.0,0.0
629,0,0.0,6.0,0.0,0.0,0.0
629,1,0.0,0.0,0.0,0.0,6.0
629,4,0.0,0.0,0.0,0.0,0.0
630,0,0.0,6.0,0.0,0.0,0.0
630,1,0.0,0.0,0.0,0.0,6.0
630,4,0.0,0.0,0.0,0.0,0.0
631,0,0.0,6.0,0.0,0.0,0.0
631,1,0.0,0.0,0.0,0.0,6.0
631,4,0.0,0.0,0.0,0.0,0.0
632,0,0.0,6.0,0.0,0.0,0.0
632,1,0.0,0.0,0.0,0.0,6.0
632,4,0.0,0.0,0.0,0.0,0.0
633,0,0.0,6.0,0.0,0.0,0.0
633,1,0.0,0.0,0.0,0.0,6.0
633,4,0.0,0.0,0.0,0.0,0.0
634,0,0.0,6.0,0.0,0.0,0.0
634,1,0.0,0.0,0.0,0.0,6.0
634,4,0.0,0.0,0.0,0.0,0.0
635,0,0.0,6.0,0.0,0.0,0.0
635,1,0.0,0.0,0.0,0.0,6.0
635,4,0.0,0.0,0.0,0.0,0.0
636,0,0.0,6.0,0.0,0.0,0.0
636,1,0.0,0.0,0.0,0.0,6.0
636,4,0.0,0.0,0.0,0.0,0.0
637,0,0.0,6.0,0.0,0.0,0.0
637,1,0.0,0.0,0.0,0.0,6.0
637,4,0.0,0.0,0.0,0.0,0.0
638,0,0.0,6.0,0.0,0.0,0.0
638,1,0.0,0.0,0.0,0.0,6.0
638,4,0.0,0.0,0.0,0.0,0.0
639,0,0.0,6.0,0.0,0.0,0.0
639,1,0.0,0.0,0.0,0.0,6.0
639,4,0.0,0.0,0.0,0.0,0.0
640,0,0.0,6.0,0.0,0.0,0.0
640,1,0.0,0.0,0.0,0.0,6.0
640,4,0.0,0.0,0.0,0.0,0.0
641,0,0.0,6.0,0.0,0.0,0.0
641,1,0.0,0.0,0.0,0.0,6.0
641,4,0.0,0.0,0.0,0.0,0.0
642,0,0.0,6.0,0.0,0.0,0.0
642,1,0.0,0.0,0.0,0.0,6.0
642,4,0.0,0.0,0.0,0.0,0.0
643,0,0.0,6.0,0.0,0.0,0.0
643,1,0.0,0.0,0.0,0.0,6.0
643,4,0.0,0.0,0.0,0.0,0.0
644,0,0.0,6.0,0.0,0.0,0.0
644,1,0.0,0.0,0.0,0.0,6.0
644,4,0.0,0.0,0.0,0.0,0.0
645,0,0.0,6.0,0.0,0.0,0.0
645,1,0.0,0.0,0.0,0.0,6.0
645,4,0.0,0.0,0.0,0.0,0.0
646,0,0.0,6.0,0.0,0.0,0.0
646,1,0.0,0.0,0.0,0.0,6.0
646,4,0.0,0.0,0.0,0.0,0.0
647,0,0.0,6.0,0.0,0.0,0.0
647,1,0.0,0.0,0.0,0.0,6.0
647,4,0.0,0.0,0.0,0.0,0.0
648,0,0.0,6.0,0.0,0.0,0.0
648,1,0.0,0.0,0.0,0.0,6.0
648,4,0.0,0.0,0.0,0.0,0.0
649,0,0.0,6.0,0.0,0.0,0.0
649,1,0.0,0.0,0.0,0.0,6.0
649,4,0.0,0.0,0.0,0.0,0.0
650,0,0.0,6.0,0.0,0.0,0.0
650,1,0.0,0.0,0.0,0.0,6.0
650,4,0.0,0.0,0.0,0.0,0.0
651,0,0.0,6.0,0.0,0.0,0.0
651,1,0.0,0.0,0.0,0.0,6.0
651,4,0.0,0.0,0.0,0.0,0.0
652,0,0.0,6.0,0.0,0.0,0.0
652,1,0.0,0.0,0.0,0.0,6.0
652,4,0.0,0.0,0.0,0.0,0.0
653,0,0.0,6.0,0.0,0.0,0.0
653,1,0.0,0.0,0.0,0.0,6.0
653,4,0.0,0.0,0.0,0.0,0.0
654,0,0.0,6.0,0.0,0.0,0.0
654,1,0.0,0.0,0.0,0.0,6.0
654,4,0.0,0.0,0.0,0.0,0.0
655,0,0.0,6.0,0.0,0.0,0.0
655,1,0.0,0.0,0.0,0.0,6.0
655,4,0.0,0.0,0.0,0.0,0.0
656,0,0.0,6.0,0.0,0.0,0.0
656,1,0.0,0.0,0.0,0.0,6.0
656,4,0.0,0.0,0.0,0.0,0.0
657,0,0.0,6.0,0.0,0.0,0.0
657,1,0.0,0.0,0.0,0.0,6.0
657,4,0.0,0.0,0.0,0.0,0.0
658,0,0.0,6.0,0.0,0.0,0.0
658,1,0.0,0.0,0.0,0.0,6.0
658,4,0.0,0.0,0.0,0.0,0.0
659,0,0.0,6.0,0.0,0.0,0.0
659,1,0.0,0.0,0.0,0.0,6.0
659,4,0.0,0.0,0.0,0.0,0.0
660,0,0.0,6.0,0.0,0.0,0.0
660,1,0.0,0.0,0.0,0.0,6.0
660,4,0.0,0.0,0.0,0.0,0.0
661,0,0.0,6.0,0.0,0.0,0.0
661,1,0.0,0.0,0.0,0.0,6.0
661,4,0.0,0.0,0.0,0.0,0.0
662,0,0.0,6.0,0.0,0.0,0.0
662,1,0.0,0.0,0.0,0.0,6.0
662,4,0.0,0.0,0.0,0.0,0.0
663,0,0.0,6.0,0.0,0.0,0.0
663,1,0.0,0.0,0.0,0.0,6.0
663,4,0.0,0.0,0.0,0.0,0.0
664,0,0.0,6.0,0.0,0.0,0.0
664,1,0.0,0.0,0.0,0.0,6.0
664,4,0.0,0.0,0.0,0.0,0.0
665,0,0.0,6.0,0.0,0.0,0.0
665,1,0.0,0.0,0.0,0.0,6.0
665,4,0.0,0.0,0.0,0.0,0.0
666,0,0.0,6.0,0.0,0.0,0.0
666,1,0.0,0.0,0.0,0.0,6.0
666,4,0.0,0.0,0.0,0.0,0.0
667,0,0.0,6.0,0.0,0.0,0.0
667,1,0.0,0.0,0.0,0.0,6.0
667,4,0.0,0.0,0.0,0.0,0.0
668,0,0.0,6.0,0.0,0.0,0.0
668,1,0.0,0.0,0.0,0.0,6.0
668,4,0.0,0.0,0.0,0.0,0.0
669,0,0.0,6.0,0.0,0.0,0.0
669,1,0.0,0.0,0.0,0.0,6.0
669,4,0.0,0.0,0.0,0.0,0.0
670,0,0.0,6.0,0.0,0.0,0.0
670,1,0.0,0.0,0.0,0.0,6.0
670,4,0.0,0.0,0.0,0.0,0.0
671,0,0.0,6.0,0.0,0.0,0.0
671,1,0.0,0.0,0.0,0.0,6.0
671,4,0.0,0.0,0.0,0.0,0.0
672,0,0.0,6.0,0.0,0.0,0.0
672,1,0.0,0.0,0.0,0.0,6.0
672,4,0.0,0.0,0.0,0.0,0.0
673,0,0.0,6.0,0.0,0.0,0.0
673,1,0.0,0.0,0.0,0.0,6.0
673,4,0.0,0.0,0.0,0.0,0.0
674,0,0.0,6.0,0.0,0.0,0.0
674,1,0.0,0.0,0.0,0.0,6.0
674,4,0.0,0.0,0.0,0.0,0.0
675,0,0.0,6.0,0.0,0.0,0.0
675,1,0.0,0.0,0.0,0.0,6.0
675,4,0.0,0.0,0.0,0.0,0.0
676,0,0.0,6.0,0.0,0.0,0.0
676,1,0.0,0.0,0.0,0.0,6.0
676,4,0.0,0.0,0.0,0.0,0.0
677,0,0.0,6.0,0.0,0.0,0.0
677,1,0.0,0.0,0.0,0.0,6.0
677,4,0.0,0.0,0.0,0.0,0.0
678,0,0.0,6.0,0.0,0.0,0.0
678,1,0.0,0.0,0.0,0.0,6.0
678,4,0.0,0.0,0.0,0.0,0.0
679,0,0.0,6.0,0.0,0.0,0.0
679,1,0.0,0.0,0.0,0.0,6.0
679,4,0.0,0.0,0.0,0.0,0.0
680,0,0.0,6.0,0.0,0.0,0.0
680,1,0.0,0.0,0.0,0.0,6.0
680,4,0.0,0.0,0.0,0.0,0.0
681,0,0.0,6.0,0.0,0.0,0.0
681,1,0.0,0.0,0.0,0.0,6.0
681,4,0.0,0.0,0.0,0.0,0.0
682,0,0.0,6.0,0.0,0.0,0.0
682,1,0.0,0.0,0.0,0.0,6.0
682,4,0.0,0.0,0.0,0.0,0.0
683,0,0.0,6.0,0.0,0.0,0.0
683,1,0.0,0.0,0.0,0.0,6.0
683,4,0.0,0.0,0.0,0.0,0.0
684,0,0.0,6.0,0.0,0.0,0.0
684,1,0.0,0.0,0.0,0.0,6.0
684,4,0.0,0.0,0.0,0.0,0.0
685,0,0.0,6.0,0.0,0.0,0.0
685,1,0.0,0.0,0.0,0.0,6.0
685,4,0.0,0.0,0.0,0.0,0.0
686,0,0.0,6.0,0.0,0.0,0.0
686,1,0.0,0.0,0.0,0.0,6.0
686,4,0.0,0.0,0.0,0.0,0.0
687,0,0.0,6.0,0.0,0.0,0.0
687,1,0.0,0.0,0.0,0.0,6.0
687,4,0.0,0.0,0.0,0.0,0.0
688,0,0.0,6.0,0.0,0.0,0.0
688,1,0.0,0.0,0.0,0.0,6.0
688,4,0.0,0.0,0.0,0.0,0.0
689,0,0.0,6.0,0.0,0.0,0.0
689,1,0.0,0.0,0.0,0.0,6.0
689,4,0.0,0.0,0.0,0.0,0.0
690,0,0.0,6.0,0.0,0.0,0.0
690,1,0.0,0.0,0.0,0.0,6.0
690,4,0.0,0.0,0.0,0.0,0.0
691,0,0.0,6.0,0.0,0.0,0.0
691,1,0.0,0.0,0.0,0.0,6.0
691,4,0.0,0.0,0.0,0.0,0.0
692,0,0.0,6.0,0.0,0.0,0.0
692,1,0.0,0.0,0.0,0.0,6.0
692,4,0.0,0.0,0.0,0.0,0.0
693,0,0.0,6.0,0.0,0.0,0.0
693,1,0.0,0.0,0.0,0.0,6.0
693,4,0.0,0.0,0.0,0.0,0.0
694,0,0.0,6.0,0.0,0.0,0.0
694,1,0.0,0.0,0.0,0.0,6.0
694,4,0.0,0.0,0.0,0.0,0.0
695,0,0.0,6.0,0.0,0.0,0.0
695,1,0.0,0.0,0.0,0.0,6.0
695,4,0.0,0.0,0.0,0.0,0.0
696,0,0.0,6.0,0.0,0.0,0.0
696,1,0.0,0.0,0.0,0.0,6.0
696,4,0.0,0.0,0.0,0.0,0.0
697,0,0.0,6.0,0.0,0.0,0.0
697,1,0.0,0.0,0.0,0.0,6.0
697,4,0.0,0.0,0.0,0.0,0.0
698,0,0.0,6.0,0.0,0.0,0.0
698,1,0.0,0.0,0.0,0.0,6.0
698,4,0.0,0.0,0.0,0.0,0.0
699,0,0.0,6.0,0.0,0.0,0.0
699,1,0.0,0.0,0.0,0.0,6.0
699,4,0.0,0.0,0.0,0.0,0.0
700,0,0.0,6.0,0.0,0.0,0.0
700,1,0.0,0.0,0.0,0.0,6.0
700,4,0.0,0.0,0.0,0.0,0.0
701,0,0.0,6.0,0.0,0.0,0.0
701,1,0.0,0.0,0.0,0.0,6.0
701,4,0.0,0.0,0.0,0.0,0.0
702,0,0.0,6.0,0.0,0.0,0.0
702,1,0.0,0.0,0.0,0.0,6.0
702,4,0.0,0.0,0.0,0.0,0.0
703,0,0.0,6.0,0.0,0.0,0.0
703,1,0.0,0.0,0.0,0.0,6.0
703,4,0.0,0.0,0.0,0.0,0.0
704,0,0.0,6.0,0.0,0.0,0.0
704,1,0.0,0.0,0.0,0.0,6.0
704,4,0.0,0.0,0.0,0.0,0.0
705,0,0.0,6.0,0.0,0.0,0.0
705,1,0.0,0.0,0.0,0.0,6.0
705,4,0.0,0.0,0.0,0.0,0.0
706,0,0.0,6.0,0.0,0.0,0.0
706,1,0.0,0.0,0.0,0.0,6.0
706,4,0.0,0.0,0.0,0.0,0.0
707,0,0.0,6.0,0.0,0.0,0.0
707,1,0.0,0.0,0.0,0.0,6.0
707,4,0.0,0.0,0.0,0.0,0.0
708,0,0.0,6.0,0.0,0.0,0.0
708,1,0.0,0.0,0.0,0.0,6.0
708,4,0.0,0.0,0.0,0.0,0.0
709,0,0.0,6.0,0.0,0.0,0.0
709,1,0.0,0.0,0.0,0.0,6.0
709,4,0.0,0.0,0.0,0.0,0.0
710,0,0.0,6.0,0.0,0.0,0.0
710,1,0.0,0.0,0.0,0.0,6.0
710,4,0.0,0.0,0.0,0.0,0.0
711,0,0.0,6.0,0.0,0.0,0.0
711,1,0.0,0.0,0.0,0.0,6.0
711,4,0.0,0.0,0.0,0.0,0.0
712,0,0.0,6.0,0.0,0.0,0.0
712,1,0.0,0.0,0.0,0.0,6.0
712,4,0.0,0.0,0.0,0.0,0.0
713,0,0.0,6.0,0.0,0.0,0.0
713,1,0.0,0.0,0.0,0.0,6.0
713,4,0.0,0.0,0.0,0.0,0.0
714,0,0.0,6.0,0.0,0.0,0.0
714,1,0.0,0.0,0.0,0.0,6.0
714,4,0.0,0.0,0.0,0.0,0.0
715,0,0.0,6.0,0.0,0.0,0.0
715,1,0.0,0.0,0.0,0.0,6.0
715,4,0.0,0.0,0.0,0.0,0.0
716,0,0.0,6.0,0.0,0.0,0.0
716,1,0.0,0.0,0.0,0.0,6.0
716,4,0.0,0.0,0.0,0.0,0.0
717,0,0.0,6.0,0.0,0.0,0.0
717,1,0.0,0.0,0.0,0.0,6.0
717,4,0.0,0.0,0.0,0.0,0.0
718,0,0.0,6.0,0.0,0.0,0.0
718,1,0.0,0.0,0.0,0.0,6.0
718,4,0.0,0.0,0.0,0.0,0.0
719,0,0.0,6.0,0.0,0.0,0.0
719,1,0.0,0.0,0.0,0.0,6.0
719,4,0.0,0.0,0.0,0.0,0.0
720,0,0.0,6.0,0.0,0.0,0.0
720,1,0.0,0.0,0.0,0.0,6.0
720,4,0.0,0.0,0.0,0.0,0.0
721,0,0.0,6.0,0.0,0.0,0.0
721,1,0.0,0.0,0.0,0.0,6.0
721,4,0.0,0.0,0.0,0.0,0.0
722,0,0.0,6.0,0.0,0.0,0.0
722,1,0.0,0.0,0.0,0.0,6.0
722,4,0.0,0.0,0.0,0.0,0.0
723,0,0.0,6.0,0.0,0.0,0.0
723,1,0.0,0.0,0.0,0.0,6.0
723,4,0.0,0.0,0.0,0.0,0.0
724,0,0.0,6.0,0.0,0.0,0.0
724,1,0.0,0.0,0.0,0.0,6.0
724,4,0.0,0.0,0.0,0.0,0.0
725,0,0.0,6.0,0.0,0.0,0.0
725,1,0.0,0.0,0.0,0.0,6.0
725,4,0.0,0.0,0.0,0.0,0.0
726,0,0.0,6.0,0.0,0.0,0.0
726,1,0.0,0.0,0.0,0.0,6.0
726,4,0.0,0.0,0.0,0.0,0.0
727,0,0.0,6.0,0.0,0.0,0.0
727,1,0.0,0.0,0.0,0.0,6.0
727,4,0.0,0.0,0.0,0.0,0.0
728,0,0.0,6.0,0.0,0.0,0.0
728,1,0.0,0.0,0.0,0.0,6.0
728,4,0.0,0.0,0.0,0.0,0.0
729,0,0.0,6.0,0.0,0.0,0.0
729,1,0.0,0.0,0.0,0.0,6.0
729,4,0.0,0.0,0.0,0.0,0.0
730,0,0.0,6.0,0.0,0.0,0.0
730,1,0.0,0.0,0.0,0.0,6.0
730,4,0.0,0.0,0.0,0.0,0.0
731,0,0.0,6.0,0.0,0.0,0.0
731,1,0.0,0.0,0.0,0.0,6.0
731,4,0.0,0.0,0.0,0.0,0.0
732,0,0.0,6.0,0.0,0.0,0.0
732,1,0.0,0.0,0.0,0.0,6.0
732,4,0.0,0.0,0.0,0.0,0.0
733,0,0.0,6.0,0.0,0.0,0.0
733,1,0.0,0.0,0.0,0.0,6.0
733,4,0.0,0.0,0.0,0.0,0.0
734,0,0.0,6.0,0.0,0.0,0.0
734,1,0.0,0.0,0.0,0.0,6.0
734,4,0.0,0.0,0.0,0.0,0.0
735,0,0.0,6.0,0.0,0.0,0.0
735,1,0.0,0.0,0.0,0.0,6.0
735,4,0.0,0.0,0.0,0.0,0.0
736,0,0.0,6.0,0.0,0.0,0.0
736,1,0.0,0.0,0.0,0.0,6.0
736,4,0.0,0.0,0.0,0.0,0.0
737,0,0.0,6.0,0.0,0.0,0.0
737,1,0.0,0.0,0.0,0.0,6.0
737,4,0.0,0.0,0.0,0.0,0.0
738,0,0.0,6.0,0.0,0.0,0.0
738,1,0.0,0.0,0.0,0.0,6.0
738,4,0.0,0.0,0.0,0.0,0.0
739,0,0.0,6.0,0.0,0.0,0.0
739,1,0.0,0.0,0.0,0.0,6.0
739,4,0.0,0.0,0.0,0.0,0.0
740,0,0.0,6.0,0.0,0.0,0.0
740,1,0.0,0.0,0.0,0.0,6.0
740,4,0.0,0.0,0.0,0.0,0.0
741,0,0.0,6.0,0.0,0.0,0.0
741,1,0.0,0.0,0.0,0.0,6.0
741,4,0.0,0.0,0.0,0.0,0.0
742,0,0.0,6.0,0.0,0.0,0.0
742,1,0.0,0.0,0.0,0.0,6.0
742,4,0.0,0.0,0.0,0.0,0.0
743,0,0.0,6.0,0.0,0.0,0.0
743,1,0.0,0.0,0.0,0.0,6.0
743,4,0.0,0.0,0.0,0.0,0.0
744,0,0.0,6.0,0.0,0.0,0.0
744,1,0.0,0.0,0.0,0.0,6.0
744,4,0.0,0.0,0.0,0.0,0.0
745,0,0.0,6.0,0.0,0.0,0.0
745,1,0.0,0.0,0.0,0.0,6.0
745,4,0.0,0.0,0.0,0.0,0.0
746,0,0.0,6.0,0.0,0.0,0.0
746,1,0.0,0.0,0.0,0.0,6.0
746,4,0.0,0.0,0.0,0.0,0.0
747,0,0.0,6.0,0.0,0.0,0.0
747,1,0.0,0.0,0.0,0.0,6.0
747,4,0.0,0.0,0.0,0.0,0.0
748,0,0.0,6.0,0.0,0.0,0.0
748,1,0.0,0.0,0.0,0.0,6.0
748,4,0.0,0.0,0.0,0.0,0.0
749,0,0.0,6.0,0.0,0.0,0.0
749,1,0.0,0.0,0.0,0.0,6.0
749,4,0.0,0.0,0.0,0.0,0.0
750,0,0.0,6.0,0.0,0.0,0.0
750,1,0.0,0.0,0.0,0.0,6.0
750,4,0.0,0.0,0.0,0.0,0.0
751,0,0.0,6.0,0.0,0.0,0.0
751,1,0.0,0.0,0.0,0.0,6.0
751,4,0.0,0.0,0.0,0.0,0.0
752,0,0.0,6.0,0.0,0.0,0.0
752,1,0.0,0.0,0.0,0.0,6.0
752,4,0.0,0.0,0.0,0.0,0.0
753,0,0.0,6.0,0.0,0.0,0.0
753,1,0.0,0.0,0.0,0.0,6.0
753,4,0.0,0.0,0.0,0.0,0.0
754,0,0.0,6.0,0.0,0.0,0.0
754,1,0.0,0.0,0.0,0.0,6.0
754,4,0.0,0.0,0.0,0.0,0.0
755,0,0.0,6.0,0.0,0.0,0.0
755,1,0.0,0.0,0.0,0.0,6.0
755,4,0.0,0.0,0.0,0.0,0.0
756,0,0.0,6.0,0.0,0.0,0.0
756,1,0.0,0.0,0.0,0.0,6.0
756,4,0.0,0.0,0.0,0.0,0.0
757,0,0.0,6.0,0.0,0.0,0.0
757,1,0.0,0.0,0.0,0.0,6.0
757,4,0.0,0.0,0.0,0.0,0.0
758,0,0.0,6.0,0.0,0.0,0.0
758,1,0.0,0.0,0.0,0.0,6.0
758,4,0.0,0.0,0.0,0.0,0.0
759,0,0.0,6.0,0.0,0.0,0.0
759,1,0.0,0.0,0.0,0.0,6.0
759,4,0.0,0.0,0.0,0.0,0.0
760,0,0.0,6.0,0.0,0.0,0.0
760,1,0.0,0.0,0.0,0.0,6.0
760,4,0.0,0.0,0.0,0.0,0.0
761,0,0.0,6.0,0.0,0.0,0.0
761,1,0.0,0.0,0.0,0.0,6.0
761,4,0.0,0.0,0.0,0.0,0.0
762,0,0.0,6.0,0.0,0.0,0.0
762,1,0.0,0.0,0.0,0.0,6.0
762,4,0.0,0.0,0.0,0.0,0.0
763,0,0.0,6.0,0.0,0.0,0.0
763,1,0.0,0.0,0.0,0.0,6.0
763,4,0.0,0.0,0.0,0.0,0.0
764,0,0.0,6.0,0.0,0.0,0.0
764,1,0.0,0.0,0.0,0.0,6.0
764,4,0.0,0.0,0.0,0.0,0.0
765,0,0.0,6.0,0.0,0.0,0.0
765,1,0.0,0.0,0.0,0.0,6.0
765,4,0.0,0.0,0.0,0.0,0.0
766,0,0.0,6.0,0.0,0.0,0.0
766,1,0.0,0.0,0.0,0.0,6.0
766,4,0.0,0.0,0.0,0.0,0.0
767,0,0.0,6.0,0.0,0.0,0.0
767,1,0.0,0.0,0.0,0.0,6.0
767,4,0.0,0.0,0.0,0.0,0.0
768,0,0.0,6.0,0.0,0.0,0.0
768,1,0.0,0.0,0.0,0.0,6.0
768,4,0.0,0.0,0.0,0.0,0.0
769,0,0.0,6.0,0.0,0.0,0.0
769,1,0.0,0.0,0.0,0.0,6.0
769,4,0.0,0.0,0.0,0.0,0.0
770,0,0.0,6.0,0.0,0.0,0.0
770,1,0.0,0.0,0.0,0.0,6.0
770,4,0.0,0.0,0.0,0.0,0.0
771,0,0.0,6.0,0.0,0.0,0.0
771,1,0.0,0.0,0.0,0.0,6.0
771,4,0.0,0.0,0.0,0.0,0.0
772,0,0.0,6.0,0.0,0.0,0.0
772,1,0.0,0.0,0.0,0.0,6.0
772,4,0.0,0.0,0.0,0.0,0.0
773,0,0.0,6.0,0.0,0.0,0.0
773,1,0.0,0.0,0.0,0.0,6.0
773,4,0.0,0.0,0.0,0.0,0.0
774,0,0.0,6.0,0.0,0.0,0.0
774,1,0.0,0.0,0.0,0.0,6.0
774,4,0.0,0.0,0.0,0.0,0.0
775,0,0.0,6.0,0.0,0.0,0.0
775,1,0.0,0.0,0.0,0.0,6.0
775,4,0.0,0.0,0.0,0.0,0.0
776,0,0.0,6.0,0.0,0.0,0.0
776,1,0.0,0.0,0.0,0.0,6.0
776,4,0.0,0.0,0.0,0.0,0.0
777,0,0.0,6.0,0.0,0.0,0.0
777,1,0.0,0.0,0.0,0.0,6.0
777,4,0.0,0.0,0.0,0.0,0.0
778,0,0.0,6.0,0.0,0.0,0.0
778,1,0.0,0.0,0.0,0.0,6.0
778,4,0.0,0.0,0.0,0.0,0.0
779,0,0.0,6.0,0.0,0.0,0.0
779,1,0.0,0.0,0.0,0.0,6.0
779,4,0.0,0.0,0.0,0.0,0.0
780,0,0.0,6.0,0.0,0.0,0.0
780,1,0.0,0.0,0.0,0.0,6.0
780,4,0.0,0.0,0.0,0.0,0.0
781,0,0.0,6.0,0.0,0.0,0.0
781,1,0.0,0.0,0.0,0.0,6.0
781,4,0.0,0.0,0.0,0.0,0.0
782,0,0.0,6.0,0.0,0.0,0.0
782,1,0.0,0.0,0.0,0.0,6.0
782,4,0.0,0.0,0.0,0.0,0.0
783,0,0.0,6.0,0.0,0.0,0.0
783,1,0.0,0.0,0.0,0.0,6.0
783,4,0.0,0.0,0.0,0.0,0.0
784,0,0.0,6.0,0.0,0.0,0.0
784,1,0.0,0.0,0.0,0.0,6.0
784,4,0.0,0.0,0.0,0.0,0.0
785,0,0.0,6.0,0.0,0.0,0.0
785,1,0.0,0.0,0.0,0.0,6.0
785,4,0.0,0.0,0.0,0.0,0.0
786,0,0.0,6.0,0.0,0.0,0.0
786,1,0.0,0.0,0.0,0.0,6.0
786,4,0.0,0.0,0.0,0.0,0.0
787,0,0.0,6.0,0.0,0.0,0.0
787,1,0.0,0.0,0.0,0.0,6.0
787,4,0.0,0.0,0.0,0.0,0.0
788,0,0.0,6.0,0.0,0.0,0.0
788,1,0.0,0.0,0.0,0.0,6.0
788,4,0.0,0.0,0.0,0.0,0.0
789,0,0.0,6.0,0.0,0.0,0.0
789,1,0.0,0.0,0.0,0.0,6.0
789,4,0.0,0.0,0.0,0.0,0.0
790,0,0.0,6.0,0.0,0.0,0.0
790,1,0.0,0.0,0.0,0.0,6.0
790,4,0.0,0.0,0.0,0.0,0.0
791,0,0.0,6.0,0.0,0.0,0.0
791,1,0.0,0.0,0.0,0.0,6.0
791,4,0.0,0.0,0.0,0.0,0.0
792,0,0.0,6.0,0.0,0.0,0.0
792,1,0.0,0.0,0.0,0.0,6.0
792,4,0.0,0.0,0.0,0.0,0.0
793,0,0.0,6.0,0.0,0.0,0.0
793,1,0.0,0.0,0.0,0.0,6.0
793,4,0.0,0.0,0.0,0.0,0.0
794,0,0.0,6.0,0.0,0.0,0.0
794,1,0.0,0.0,0.0,0.0,6.0
794,4,0.0,0.0,0.0,0.0,0.0
795,0,0.0,6.0,0.0,0.0,0.0
795,1,0.0,0.0,0.0,0.0,6.0
795,4,0.0,0.0,0.0,0.0,0.0
796,0,0.0,6.0,0.0,0.0,0.0
796,1,0.0,0.0,0.0,0.0,6.0
796,4,0.0,0.0,0.0,0.0,0.0
797,0,0.0,6.0,0.0,0.0,0.0
797,1,0.0,0.0,0.0,0.0,6.0
797,4,0.0,0.0,0.0,0.0,0.0
798,0,0.0,6.0,0.0,0.0,0.0
798,1,0.0,0.0,0.0,0.0,6.0
798,4,0.0,0.0,0.0,0.0,0.0
799,0,0.0,6.0,0.0,0.0,0.0
799,1,0.0,0.0,0.0,0.0,6.0
799,4,0.0,0.0,0.0,0.0,0.0
800,0,0.0,6.0,0.0,0.0,0.0
800,1,0.0,0.0,0.0,0.0,6.0
800,4,0.0,0.0,0.0,0.0,0.0
801,0,0.0,6.0,0.0,0.0,0.0
801,1,0.0,0.0,0.0,0.0,6.0
801,4,0.0,0.0,0.0,0.0,0.0
802,0,0.0,6.0,0.0,0.0,0.0
802,1,0.0,0.0,0.0,0.0,6.0
802,4,0.0,0.0,0.0,0.0,0.0
803,0,0.0,6.0,0.0,0.0,0.0
803,1,0.0,0.0,0.0,0.0,6.0
803,4,0.0,0.0,0.0,0.0,0.0
804,0,0.0,6.0,0.0,0.0,0.0
804,1,0.0,0.0,0.0,0.0,6.0
804,4,0.0,0.0,0.0,0.0,0.0
805,0,0.0,6.0,0.0,0.0,0.0
805,1,0.0,0.0,0.0,0.0,6.0
805,4,0.0,0.0,0.0,0.0,0.0
806,0,0.0,6.0,0.0,0.0,0.0
806,1,0.0,0.0,0.0,0.0,6.0
806,4,0.0,0.0,0.0,0.0,0.0
807,0,0.0,6.0,0.0,0.0,0.0
807,1,0.0,0.0,0.0,0.0,6.0
807,4,0.0,0.0,0.0,0.0,0.0
808,0,0.0,6.0,0.0,0.0,0.0
808,1,0.0,0.0,0.0,0.0,6.0
808,4,0.0,0.0,0.0,0.0,0.0
809,0,0.0,6.0,0.0,0.0,0.0
809,1,0.0,0.0,0.0,0.0,6.0
809,4,0.0,0.0,0.0,0.0,0.0
810,0,0.0,6.0,0.0,0.0,0.0
810,1,0.0,0.0,0.0,0.0,6.0
810,4,0.0,0.0,0.0,0.0,0.0
811,0,0.0,6.0,0.0,0.0,0.0
811,1,0.0,0.0,0.0,0.0,6.0
811,4,0.0,0.0,0.0,0.0,0.0
812,0,0.0,6.0,0.0,0.0,0.0
812,1,0.0,0.0,0.0,0.0,6.0
812,4,0.0,0.0,0.0,0.0,0.0
813,0,0.0,6.0,0.0,0.0,0.0
813,1,0.0,0.0,0.0,0.0,6.0
813,4,0.0,0.0,0.0,0.0,0.0
814,0,0.0,6.0,0.0,0.0,0.0
814,1,0.0,0.0,0.0,0.0,6.0
814,4,0.0,0.0,0.0,0.0,0.0
815,0,0.0,6.0,0.0,0.0,0.0
815,1,0.0,0.0,0.0,0.0,6.0
815,4,0.0,0.0,0.0,0.0,0.0
816,0,0.0,6.0,0.0,0.0,0.0
816,1,0.0,0.0,0.0,0.0,6.0
816,4,0.0,0.0,0.0,0.0,0.0
817,0,0.0,6.0,0.0,0.0,0.0
817,1,0.0,0.0,0.0,0.0,6.0
817,4,0.0,0.0,0.0,0.0,0.0
818,0,0.0,6.0,0.0,0.0,0.0
818,1,0.0,0.0,0.0,0.0,6.0
818,4,0.0,0.0,0.0,0.0,0.0
819,0,0.0,6.0,0.0,0.0,0.0
819,1,0.0,0.0,0.0,0.0,6.0
819,4,0.0,0.0,0.0,0.0,0.0
820,0,0.0,6.0,0.0,0.0,0.0
820,1,0.0,0.0,0.0,0.0,6.0
820,4,0.0,0.0,0.0,0.0,0.0
821,0,0.0,6.0,0.0,0.0,0.0
821,1,0.0,0.0,0.0,0.0,6.0
821,4,0.0,0.0,0.0,0.0,0.0
822,0,0.0,6.0,0.0,0.0,0.0
822,1,0.0,0.0,0.0,0.0,6.0
822,4,0.0,0.0,0.0,0.0,0.0
823,0,0.0,6.0,0.0,0.0,0.0
823,1,0.0,0.0,0.0,0.0,6.0
823,4,0.0,0.0,0.0,0.0,0.0
824,0,0.0,6.0,0.0,0.0,0.0
824,1,0.0,0.0,0.0,0.0,6.0
824,4,0.0,0.0,0.0,0.0,0.0
825,0,0.0,6.0,0.0,0.0,0.0
825,1,0.0,0.0,0.0,0.0,6.0
825,4,0.0,0.0,0.0,0.0,0.0
826,0,0.0,6.0,0.0,0.0,0.0
826,1,0.0,0.0,0.0,0.0,6.0
826,4,0.0,0.0,0.0,0.0,0.0
827,0,0.0,6.0,0.0,0.0,0.0
827,1,0.0,0.0,0.0,0.0,6.0
827,4,0.0,0.0,0.0,0.0,0.0
828,0,0.0,6.0,0.0,0.0,0.0
828,1,0.0,0.0,0.0,0.0,6.0
828,4,0.0,0.0,0.0,0.0,0.0
829,0,0.0,6.0,0.0,0.0,0.0
829,1,0.0,0.0,0.0,0.0,6.0
829,4,0.0,0.0,0.0,0.0,0.0
830,0,0.0,6.0,0.0,0.0,0.0
830,1,0.0,0.0,0.0,0.0,6.0
830,4,0.0,0.0,0.0,0.0,0.0
831,0,0.0,6.0,0.0,0.0,0.0
831,1,0.0,0.0,0.0,0.0,6.0
831,4,0.0,0.0,0.0,0.0,0.0
832,0,0.0,6.0,0.0,0.0,0.0
832,1,0.0,0.0,0.0,0.0,6.0
832,4,0.0,0.0,0.0,0.0,0.0
833,0,0.0,6.0,0.0,0.0,0.0
833,1,0.0,0.0,0.0,0.0,6.0
833,4,0.0,0.0,0.0,0.0,0.0
834,0,0.0,6.0,0.0,0.0,0.0
834,1,0.0,0.0,0.0,0.0,6.0
834,4,0.0,0.0,0.0,0.0,0.0
835,0,0.0,6.0,0.0,0.0,0.0
835,1,0.0,0.0,0.0,0.0,6.0
835,4,0.0,0.0,0.0,0.0,0.0
836,0,0.0,6.0,0.0,0.0,0.0
836,1,0.0,0.0,0.0,0.0,6.0
836,4,0.0,0.0,0.0,0.0,0.0
837,0,0.0,6.0,0.0,0.0,0.0
837,1,0.0,0.0,0.0,0.0,6.0
837,4,0.0,0.0,0.0,0.0,0.0
838,0,0.0,6.0,0.0,0.0,0.0
838,1,0.0,0.0,0.0,0.0,6.0
838,4,0.0,0.0,0.0,0.0,0.0
839,0,0.0,6.0,0.0,0.0,0.0
839,1,0.0,0.0,0.0,0.0,6.0
839,4,0.0,0.0,0.0,0.0,0.0
840,0,0.0,6.0,0.0,0.0,0.0
840,1,0.0,0.0,0.0,0.0,6.0
840,4,0.0,0.0,0.0,0.0,0.0
841,0,0.0,6.0,0.0,0.0,0.0
841,1,0.0,0.0,0.0,0.0,6.0
841,4,0.0,0.0,0.0,0.0,0.0
842,0,0.0,6.0,0.0,0.0,0.0
842,1,0.0,0.0,0.0,0.0,6.0
842,4,0.0,0.0,0.0,0.0,0.0
843,0,0.0,6.0,0.0,0.0,0.0
843,1,0.0,0.0,0.0,0.0,6.0
843,4,0.0,0.0,0.0,0.0,0.0
844,0,0.0,6.0,0.0,0.0,0.0
844,1,0.0,0.0,0.0,0.0,6.0
844,4,0.0,0.0,0.0,0.0,0.0
845,0,0.0,6.0,0.0,0.0,0.0
845,1,0.0,0.0,0.0,0.0,6.0
845,4,0.0,0.0,0.0,0.0,0.0
846,0,0.0,6.0,0.0,0.0,0.0
846,1,0.0,0.0,0.0,0.0,6.0
846,4,0.0,0.0,0.0,0.0,0.0
847,0,0.0,6.0,0.0,0.0,0.0
847,1,0.0,0.0,0.0,0.0,6.0
847,4,0.0,0.0,0.0,0.0,0.0
848,0,0.0,6.0,0.0,0.0,0.0
848,1,0.0,0.0,0.0,0.0,6.0
848,4,0.0,0.0,0.0,0.0,0.0
849,0,0.0,6.0,0.0,0.0,0.0
849,1,0.0,0.0,0.0,0.0,6.0
849,4,0.0,0.0,0.0,0.0,0.0
850,0,0.0,6.0,0.0,0.0,0.0
850,1,0.0,0.0,0.0,0.0,6.0
850,4,0.0,0.0,0.0,0.0,0.0
851,0,0.0,6.0,0.0,0.0,0.0
851,1,0.0,0.0,0.0,0.0,6.0
851,4,0.0,0.0,0.0,0.0,0.0
852,0,0.0,6.0,0.0,0.0,0.0
852,1,0.0,0.0,0.0,0.0,6.0
852,4,0.0,0.0,0.0,0.0,0.0
853,0,0.0,6.0,0.0,0.0,0.0
853,1,0.0,0.0,0.0,0.0,6.0
853,4,0.0,0.0,0.0,0.0,0.0
854,0,0.0,6.0,0.0,0.0,0.0
854,1,0.0,0.0,0.0,0.0,6.0
854,4,0.0,0.0,0.0,0.0,0.0
855,0,0.0,6.0,0.0,0.0,0.0
855,1,0.0,0.0,0.0,0.0,6.0
855,4,0.0,0.0,0.0,0.0,0.0
856,0,0.0,6.0,0.0,0.0,0.0
856,1,0.0,0.0,0.0,0.0,6.0
856,4,0.0,0.0,0.0,0.0,0.0
857,0,0.0,6.0,0.0,0.0,0.0
857,1,0.0,0.0,0.0,0.0,6.0
857,4,0.0,0.0,0.0,0.0,0.0
858,0,0.0,6.0,0.0,0.0,0.0
858,1,0.0,0.0,0.0,0.0,6.0
858,4,0.0,0.0,0.0,0.0,0.0
859,0,0.0,6.0,0.0,0.0,0.0
859,1,0.0,0.0,0.0,0.0,6.0
859,4,0.0,0.0,0.0,0.0,0.0
860,0,0.0,6.0,0.0,0.0,0.0
860,1,0.0,0.0,0.0,0.0,6.0
860,4,0.0,0.0,0.0,0.0,0.0
861,0,0.0,6.0,0.0,0.0,0.0
861,1,0.0,0.0,0.0,0.0,6.0
861,4,0.0,0.0,0.0,0.0,0.0
862,0,0.0,6.0,0.0,0.0,0.0
862,1,0.0,0.0,0.0,0.0,6.0
862,4,0.0,0.0,0.0,0.0,0.0
863,0,0.0,6.0,0.0,0.0,0.0
863,1,0.0,0.0,0.0,0.0,6.0
863,4,0.0,0.0,0.0,0.0,0.0
864,0,0.0,6.0,0.0,0.0,0.0
864,1,0.0,0.0,0.0,0.0,6.0
864,4,0.0,0.0,0.0,0.0,0.0
865,0,0.0,6.0,0.0,0.0,0.0
865,1,0.0,0.0,0.0,0.0,6.0
865,4,0.0,0.0,0.0,0.0,0.0
866,0,0.0,6.0,0.0,0.0,0.0
866,1,0.0,0.0,0.0,0.0,6.0
866,4,0.0,0.0,0.0,0.0,0.0
867,0,0.0,6.0,0.0,0.0,0.0
867,1,0.0,0.0,0.0,0.0,6.0
867,4,0.0,0.0,0.0,0.0,0.0
868,0,0.0,6.0,0.0,0.0,0.0
868,1,0.0,0.0,0.0,0.0,6.0
868,4,0.0,0.0,0.0,0.0,0.0
869,0,0.0,6.0,0.0,0.0,0.0
869,1,0.0,0.0,0.0,0.0,6.0
869,4,0.0,0.0,0.0,0.0,0.0
870,0,0.0,6.0,0.0,0.0,0.0
870,1,0.0,0.0,0.0,0.0,6.0
870,4,0.0,0.0,0.0,0.0,0.0
871,0,0.0,6.0,0.0,0.0,0.0
871,1,0.0,0.0,0.0,0.0,6.0
871,4,0.0,0.0,0.0,0.0,0.0
872,0,0.0,6.0,0.0,0.0,0.0
872,1,0.0,0.0,0.0,0.0,6.0
872,4,0.0,0.0,0.0,0.0,0.0
873,0,0.0,6.0,0.0,0.0,0.0
873,1,0.0,0.0,0.0,0.0,6.0
873,4,0.0,0.0,0.0,0.0,0.0
874,0,0.0,6.0,0.0,0.0,0.0
874,1,0.0,0.0,0.0,0.0,6.0
874,4,0.0,0.0,0.0,0.0,0.0
875,0,0.0,6.0,0.0,0.0,0.0
875,1,0.0,0.0,0.0,0.0,6.0
875,4,0.0,0.0,0.0,0.0,0.0
876,0,0.0,6.0,0.0,0.0,0.0
876,1,0.0,0.0,0.0,0.0,6.0
876,4,0.0,0.0,0.0,0.0,0.0
877,0,0.0,6.0,0.0,0.0,0.0
877,1,0.0,0.0,0.0,0.0,6.0
877,4,0.0,0.0,0.0,0.0,0.0
878,0,0.0,6.0,0.0,0.0,0.0
878,1,0.0,0.0,0.0,0.0,6.0
878,4,0.0,0.0,0.0,0.0,0.0
879,0,0.0,6.0,0.0,0.0,0.0
879,1,0.0,0.0,0.0,0.0,6.0
879,4,0.0,0.0,0.0,0.0,0.0
880,0,0.0,6.0,0.0,0.0,0.0
880,1,0.0,0.0,0.0,0.0,6.0
880,4,0.0,0.0,0.0,0.0,0.0
881,0,0.0,6.0,0.0,0.0,0.0
881,1,0.0,0.0,0.0,0.0,6.0
881,4,0.0,0.0,0.0,0.0,0.0
882,0,0.0,6.0,0.0,0.0,0.0
882,1,0.0,0.0,0.0,0.0,6.0
882,4,0.0,0.0,0.0,0.0,0.0
883,0,0.0,6.0,0.0,0.0,0.0
883,1,0.0,0.0,0.0,0.0,6.0
883,4,0.0,0.0,0.0,0.0,0.0
884,0,0.0,6.0,0.0,0.0,0.0
884,1,0.0,0.0,0.0,0.0,6.0
884,4,0.0,0.0,0.0,0.0,0.0
885,0,0.0,6.0,0.0,0.0,0.0
885,1,0.0,0.0,0.0,0.0,6.0
885,4,0.0,0.0,0.0,0.0,0.0
886,0,0.0,6.0,0.0,0.0,0.0
886,1,0.0,0.0,0.0,0.0,6.0
886,4,0.0,0.0,0.0,0.0,0.0
887,0,0.0,6.0,0.0,0.0,0.0
887,1,0.0,0.0,0.0,0.0,6.0
887,4,0.0,0.0,0.0,0.0,0.0
888,0,0.0,6.0,0.0,0.0,0.0
888,1,0.0,0.0,0.0,0.0,6.0
888,4,0.0,0.0,0.0,0.0,0.0
889,0,0.0,6.0,0.0,0.0,0.0
889,1,0.0,0.0,0.0,0.0,6.0
889,4,0.0,0.0,0.0,0.0,0.0
890,0,0.0,6.0,0.0,0.0,0.0
890,1,0.0,0.0,0.0,0.0,6.0
890,4,0.0,0.0,0.0,0.0,0.0
891,0,0.0,6.0,0.0,0.0,0.0
891,1,0.0,0.0,0.0,0.0,6.0
891,4,0.0,0.0,0.0,0.0,0.0
892,0,0.0,6.0,0.0,0.0,0.0
892,1,0.0,0.0,0.0,0.0,6.0
892,4,0.0,0.0,0.0,0.0,0.0
893,0,0.0,6.0,0.0,0.0,0.0
893,1,0.0,0.0,0.0,0.0,6.0
893,4,0.0,0.0,0.0,0.0,0.0
894,0,0.0,6.0,0.0,0.0,0.0
894,1,0.0,0.0,0.0,0.0,6.0
894,4,0.0,0.0,0.0,0.0,0.0
895,0,0.0,6.0,0.0,0.0,0.0
895,1,0.0,0.0,0.0,0.0,6.0
895,4,0.0,0.0,0.0,0.0,0.0
896,0,0.0,6.0,0.0,0.0,0.0
896,1,0.0,0.0,0.0,0.0,6.0
896,4,0.0,0.0,0.0,0.0,0.0
897,0,0.0,6.0,0.0,0.0,0.0
897,1,0.0,0.0,0.0,0.0,6.0
897,4,0.0,0.0,0.0,0.0,0.0
898,0,0.0,6.0,0.0,0.0,0.0
898,1,0.0,0.0,0.0,0.0,6.0
898,4,0.0,0.0,0.0,0.0,0.0
899,0,0.0,6.0,0.0,0.0,0.0
899,1,0.0,0.0,0.0,0.0,6.0
899,4,0.0,0.0,0.0,0.0,0.0
900,0,0.0,6.0,0.0,0.0,0.0
900,1,0.0,0.0,0.0,0.0,6.0
900,4,0.0,0.0,0.0,0.0,0.0
901,0,0.0,6.0,0.0,0.0,0.0
901,1,0.0,0.0,0.0,0.0,6.0
901,4,0.0,0.0,0.0,0.0,0.0
902,0,0.0,6.0,0.0,0.0,0.0
902,1,0.0,0.0,0.0,0.0,6.0
902,4,0.0,0.0,0.0,0.0,0.0
903,0,0.0,6.0,0.0,0.0,0.0
903,1,0.0,0.0,0.0,0.0,6.0
903,4,0.0,0.0,0.0,0.0,0.0
904,0,0.0,6.0,0.0,0.0,0.0
904,1,0.0,0.0,0.0,0.0,6.0
904,4,0.0,0.0,0.0,0.0,0.0
905,0,0.0,6.0,0.0,0.0,0.0
905,1,0.0,0.0,0.0,0.0,6.0
905,4,0.0,0.0,0.0,0.0,0.0
906,0,0.0,6.0,0.0,0.0,0.0
906,1,0.0,0.0,0.0,0.0,6.0
906,4,0.0,0.0,0.0,0.0,0.0
907,0,0.0,6.0,0.0,0.0,0.0
907,1,0.0,0.0,0.0,0.0,6.0
907,4,0.0,0.0,0.0,0.0,0.0
908,0,0.0,6.0,0.0,0.0,0.0
908,1,0.0,0.0,0.0,0.0,6.0
908,4,0.0,0.0,0.0,0.0,0.0
909,0,0.0,6.0,0.0,0.0,0.0
909,1,0.0,0.0,0.0,0.0,6.0
909,4,0.0,0.0,0.0,0.0,0.0
910,0,0.0,6.0,0.0,0.0,0.0
910,1,0.0,0.0,0.0,0.0,6.0
910,4,0.0,0.0,0.0,0.0,0.0
911,0,0.0,6.0,0.0,0.0,0.0
911,1,0.0,0.0,0.0,0.0,6.0
911,4,0.0,0.0,0.0,0.0,0.0
912,0,0.0,6.0,0.0,0.0,0.0
912,1,0.0,0.0,0.0,0.0,6.0
912,4,0.0,0.0,0.0,0.0,0.0
913,0,0.0,6.0,0.0,0.0,0.0
913,1,0.0,0.0,0.0,0.0,6.0
913,4,0.0,0.0,0.0,0.0,0.0
914,0,0.0,6.0,0.0,0.0,0.0
914,1,0.0,0.0,0.0,0.0,6.0
914,4,0.0,0.0,0.0,0.0,0.0
915,0,0.0,6.0,0.0,0.0,0.0
915,1,0.0,0.0,0.0,0.0,6.0
915,4,0.0,0.0,0.0,0.0,0.0
916,0,0.0,6.0,0.0,0.0,0.0
916,1,0.0,0.0,0.0,0.0,6.0
916,4,0.0,0.0,0.0,0.0,0.0
917,0,0.0,6.0,0.0,0.0,0.0
917,1,0.0,0.0,0.0,0.0,6.0
917,4,0.0,0.0,0.0,0.0,0.0
918,0,0.0,6.0,0.0,0.0,0.0
918,1,0.0,0.0,0.0,0.0,6.0
918,4,0.0,0.0,0.0,0.0,0.0
919,0,0.0,6.0,0.0,0.0,0.0
919,1,0.0,0.0,0.0,0.0,6.0
919,4,0.0,0.0,0.0,0.0,0.0
920,0,0.0,6.0,0.0,0.0,0.0
920,1,0.0,0.0,0.0,0.0,6.0
920,4,0.0,0.0,0.0,0.0,0.0
921,0,0.0,6.0,0.0,0.0,0.0
921,1,0.0,0.0,0.0,0.0,6.0
921,4,0.0,0.0,0.0,0.0,0.0
922,0,0.0,6.0,0.0,0.0,0.0
922,1,0.0,0.0,0.0,0.0,6.0
922,4,0.0,0.0,0.0,0.0,0.0
923,0,0.0,6.0,0.0,0.0,0.0
923,1,0.0,0.0,0.0,0.0,6.0
923,4,0.0,0.0,0.0,0.0,0.0
924,0,0.0,6.0,0.0,0.0,0.0
924,1,0.0,0.0,0.0,0.0,6.0
924,4,0.0,0.0,0.0,0.0,0.0
925,0,0.0,6.0,0.0,0.0,0.0
925,1,0.0,0.0,0.0,0.0,6.0
925,4,0.0,0.0,0.0,0.0,0.0
926,0,0.0,6.0,0.0,0.0,0.0
926,1,0.0,0.0,0.0,0.0,6.0
926,4,0.0,0.0,0.0,0.0,0.0
927,0,0.0,6.0,0.0,0.0,0.0
927,1,0.0,0.0,0.0,0.0,6.0
927,4,0.0,0.0,0.0,0.0,0.0
928,0,0.0,6.0,0.0,0.0,0.0
928,1,0.0,0.0,0.0,0.0,6.0
928,4,0.0,0.0,0.0,0.0,0.0
929,0,0.0,6.0,0.0,0.0,0.0
929,1,0.0,0.0,0.0,0.0,6.0
929,4,0.0,0.0,0.0,0.0,0.0
930,0,0.0,6.0,0.0,0.0,0.0
930,1,0.0,0.0,0.0,0.0,6.0
930,4,0.0,0.0,0.0,0.0,0.0
931,0,0.0,6.0,0.0,0.0,0.0
931,1,0.0,0.0,0.0,0.0,6.0
931,4,0.0,0.0,0.0,0.0,0.0
932,0,0.0,6.0,0.0,0.0,0.0
932,1,0.0,0.0,0.0,0.0,6.0
932,4,0.0,0.0,0.0,0.0,0.0
933,0,0.0,6.0,0.0,0.0,0.0
933,1,0.0,0.0,0.0,0.0,6.0
933,4,0.0,0.0,0.0,0.0,0.0
934,0,0.0,6.0,0.0,0.0,0.0
934,1,0.0,0.0,0.0,0.0,6.0
934,4,0.0,0.0,0.0,0.0,0.0
935,0,0.0,6.0,0.0,0.0,0.0
935,1,0.0,0.0,0.0,0.0,6.0
935,4,0.0,0.0,0.0,0.0,0.0
936,0,0.0,6.0,0.0,0.0,0.0
936,1,0.0,0.0,0.0,0.0,6.0
936,4,0.0,0.0,0.0,0.0,0.0
937,0,0.0,6.0,0.0,0.0,0.0
937,1,0.0,0.0,0.0,0.0,6.0
937,4,0.0,0.0,0.0,0.0,0.0
938,0,0.0,6.0,0.0,0.0,0.0
938,1,0.0,0.0,0.0,0.0,6.0
938,4,0.0,0.0,0.0,0.0,0.0
939,0,0.0,6.0,0.0,0.0,0.0
939,1,0.0,0.0,0.0,0.0,6.0
939,4,0.0,0.0,0.0,0.0,0.0
940,0,0.0,6.0,0.0,0.0,0.0
940,1,0.0,0.0,0.0,0.0,6.0
940,4,0.0,0.0,0.0,0.0,0.0
941,0,0.0,6.0,0.0,0.0,0.0
941,1,0.0,0.0,0.0,0.0,6.0
941,4,0.0,0.0,0.0,0.0,0.0
942,0,0.0,6.0,0.0,0.0,0.0
942,1,0.0,0.0,0.0,0.0,6.0
942,4,0.0,0.0,0.0,0.0,0.0
943,0,0.0,6.0,0.0,0.0,0.0
943,1,0.0,0.0,0.0,0.0,6.0
943,4,0.0,0.0,0.0,0.0,0.0
944,0,0.0,6.0,0.0,0.0,0.0
944,1,0.0,0.0,0.0,0.0,6.0
944,4,0.0,0.0,0.0,0.0,0.0
945,0,0.0,6.0,0.0,0.0,0.0
945,1,0.0,0.0,0.0,0.0,6.0
945,4,0.0,0.0,0.0,0.0,0.0
946,0,0.0,6.0,0.0,0.0,0.0
946,1,0.0,0.0,0.0,0.0,6.0
946,4,0.0,0.0,0.0,0.0,0.0
947,0,0.0,6.0,0.0,0.0,0.0
947,1,0.0,0.0,0.0,0.0,6.0
947,4,0.0,0.0,0.0,0.0,0.0
948,0,0.0,6.0,0.0,0.0,0.0
948,1,0.0,0.0,0.0,0.0,6.0
948,4,0.0,0.0,0.0,0.0,0.0
949,0,0.0,6.0,0.0,0.0,0.0
949,1,0.0,0.0,0.0,0.0,6.0
949,4,0.0,0.0,0.0,0.0,0.0
950,0,0.0,6.0,0.0,0.0,0.0
950,1,0.0,0.0,0.0,0.0,6.0
950,4,0.0,0.0,0.0,0.0,0.0
951,0,0.0,6.0,0.0,0.0,0.0
951,1,0.0,0.0,0.0,0.0,6.0
951,4,0.0,0.0,0.0,0.0,0.0
952,0,0.0,6.0,0.0,0.0,0.0
952,1,0.0,0.0,0.0,0.0,6.0
952,4,0.0,0.0,0.0,0.0,0.0
953,0,0.0,6.0,0.0,0.0,0.0
953,1,0.0,0.0,0.0,0.0,6.0
953,4,0.0,0.0,0.0,0.0,0.0
954,0,0.0,6.0,0.0,0.0,0.0
954,1,0.0,0.0,0.0,0.0,6.0
954,4,0.0,0.0,0.0,0.0,0.0
955,0,0.0,6.0,0.0,0.0,0.0
955,1,0.0,0.0,0.0,0.0,6.0
955,4,0.0,0.0,0.0,0.0,0.0
956,0,0.0,6.0,0.0,0.0,0.0
956,1,0.0,0.0,0.0,0.0,6.0
956,4,0.0,0.0,0.0,0.0,0.0
957,0,0.0,6.0,0.0,0.0,0.0
957,1,0.0,0.0,0.0,0.0,6.0
957,4,0.0,0.0,0.0,0.0,0.0
958,0,0.0,6.0,0.0,0.0,0.0
958,1,0.0,0.0,0.0,0.0,6.0
958,4,0.0,0.0,0.0,0.0,0.0
959,0,0.0,6.0,0.0,0.0,0.0
959,1,0.0,0.0,0.0,0.0,6.0
959,4,0.0,0.0,0.0,0.0,0.0
960,0,0.0,6.0,0.0,0.0,0.0
960,1,0.0,0.0,0.0,0.0,6.0
960,4,0.0,0.0,0.0,0.0,0.0
961,0,0.0,6.0,0.0,0.0,0.0
961,1,0.0,0.0,0.0,0.0,6.0
961,4,0.0,0.0,0.0,0.0,0.0
962,0,0.0,6.0,0.0,0.0,0.0
962,1,0.0,0.0,0.0,0.0,6.0
962,4,0.0,0.0,0.0,0.0,0.0
963,0,0.0,6.0,0.0,0.0,0.0
963,1,0.0,0.0,0.0,0.0,6.0
963,4,0.0,0.0,0.0,0.0,0.0
964,0,0.0,6.0,0.0,0.0,0.0
964,1,0.0,0.0,0.0,0.0,6.0
964,4,0.0,0.0,0.0,0.0,0.0
965,0,0.0,6.0,0.0,0.0,0.0
965,1,0.0,0.0,0.0,0.0,6.0
965,4,0.0,0.0,0.0,0.0,0.0
966,0,0.0,6.0,0.0,0.0,0.0
966,1,0.0,0.0,0.0,0.0,6.0
966,4,0.0,0.0,0.0,0.0,0.0
967,0,0.0,6.0,0.0,0.0,0.0
967,1,0.0,0.0,0.0,0.0,6.0
967,4,0.0,0.0,0.0,0.0,0.0
968,0,0.0,6.0,0.0,0.0,0.0
968,1,0.0,0.0,0.0,0.0,6.0
968,4,0.0,0.0,0.0,0.0,0.0
969,0,0.0,6.0,0.0,0.0,0.0
969,1,0.0,0.0,0.0,0.0,6.0
969,4,0.0,0.0,0.0,0.0,0.0
970,0,0.0,6.0,0.0,0.0,0.0
970,1,0.0,0.0,0.0,0.0,6.0
970,4,0.0,0.0,0.0,0.0,0.0
971,0,0.0,6.0,0.0,0.0,0.0
971,1,0.0,0.0,0.0,0.0,6.0
971,4,0.0,0.0,0.0,0.0,0.0
972,0,0.0,6.0,0.0,0.0,0.0
972,1,0.0,0.0,0.0,0.0,6.0
972,4,0.0,0.0,0.0,0.0,0.0
973,0,0.0,6.0,0.0,0.0,0.0
973,1,0.0,0.0,0.0,0.0,6.0
973,4,0.0,0.0,0.0,0.0,0.0
974,0,0.0,6.0,0.0,0.0,0.0
974,1,0.0,0.0,0.0,0.0,6.0
974,4,0.0,0.0,0.0,0.0,0.0
975,0,0.0,6.0,0.0,0.0,0.0
975,1,0.0,0.0,0.0,0.0,6.0
975,4,0.0,0.0,0.0,0.0,0.0
976,0,0.0,6.0,0.0,0.0,0.0
976,1,0.0,0.0,0.0,0.0,6.0
976,4,0.0,0.0,0.0,0.0,0.0
977,0,0.0,6.0,0.0,0.0,0.0
977,1,0.0,0.0,0.0,0.0,6.0
977,4,0.0,0.0,0.0,0.0,0.0
978,0,0.0,6.0,0.0,0.0,0.0
978,1,0.0,0.0,0.0,0.0,6.0
978,4,0.0,0.0,0.0,0.0,0.0
979,0,0.0,6.0,0.0,0.0,0.0
979,1,0.0,0.0,0.0,0.0,6.0
979,4,0.0,0.0,0.0,0.0,0.0
980,0,0.0,6.0,0.0,0.0,0.0
980,1,0.0,0.0,0.0,0.0,6.0
980,4,0.0,0.0,0.0,0.0,0.0
981,0,0.0,6.0,0.0,0.0,0.0
981,1,0.0,0.0,0.0,0.0,6.0
981,4,0.0,0.0,0.0,0.0,0.0
982,0,0.0,6.0,0.0,0.0,0.0
982,1,0.0,0.0,0.0,0.0,6.0
982,4,0.0,0.0,0.0,0.0,0.0
983,0,0.0,6.0,0.0,0.0,0.0
983,1,0.0,0.0,0.0,0.0,6.0
983,4,0.0,0.0,0.0,0.0,0.0
984,0,0.0,6.0,0.0,0.0,0.0
984,1,0.0,0.0,0.0,0.0,6.0
984,4,0.0,0.0,0.0,0.0,0.0
985,0,0.0,6.0,0.0,0.0,0.0
985,1,0.0,0.0,0.0,0.0,6.0
985,4,0.0,0.0,0.0,0.0,0.0
986,0,0.0,6.0,0.0,0.0,0.0
986,1,0.0,0.0,0.0,0.0,6.0
986,4,0.0,0.0,0.0,0.0,0.0
987,0,0.0,6.0,0.0,0.0,0.0
987,1,0.0,0.0,0.0,0.0,6.0
987,4,0.0,0.0,0.0,0.0,0.0
988,0,0.0,6.0,0.0,0.0,0.0
988,1,0.0,0.0,0.0,0.0,6.0
988,4,0.0,0.0,0.0,0.0,0.0
989,0,0.0,6.0,0.0,0.0,0.0
989,1,0.0,0.0,0.0,0.0,6.0
989,4,0.0,0.0,0.0,0.0,0.0
990,0,0.0,6.0,0.0,0.0,0.0
990,1,0.0,0.0,0.0,0.0,6.0
990,4,0.0,0.0,0.0,0.0,0.0
991,0,0.0,6.0,0.0,0.0,0.0
991,1,0.0,0.0,0.0,0.0,6.0
991,4,0.0,0.0,0.0,0.0,0.0
992,0,0.0,6.0,0.0,0.0,0.0
992,1,0.0,0.0,0.0,0.0,6.0
992,4,0.0,0.0,0.0,0.0,0.0
993,0,0.0,6.0,0.0,0.0,0.0
993,1,0.0,0.0,0.0,0.0,6.0
993,4,0.0,0.0,0.0,0.0,0.0
994,0,0.0,6.0,0.0,0.0,0.0
994,1,0.0,0.0,0.0,0.0,6.0
994,4,0.0,0.0,0.0,0.0,0.0
995,0,0.0,6.0,0.0,0.0,0.0
995,1,0.0,0.0,0.0,0.0,6.0
995,4,0.0,0.0,0.0,0.0,0.0
996,0,0.0,6.0,0.0,0.0,0.0
996,1,0.0,0.0,0.0,0.0,6.0
996,4,0.0,0.0,0.0,0.0,0.0
997,0,0.0,6.0,0.0,0.0,0.0
997,1,0.0,0.0,0.0,0.0,6.0
997,4,0.0,0.0,0.0,0.0,0.0
998,0,0.0,6.0,0.0,0.0,0.0
998,1,0.0,0.0,0.0,0.0,6.0
998,4,0.0,0.0,0.0,0.0,0.0
999,0,0.0,6.0,0.0,0.0,0.0
999,1,0.0,0.0,0.0,0.0,6.0
999,4,0.0,0.0,0.0,0.0,0.0
1000,0,0.0,6.0,0.0,0.0,0.0
1000,1,0.0,0.0,0.0,0.0,6.0
1000,4,0.0,0.0,0.0,0.0,0.0
